{
  "GNN-Bandit": {
    "IPW": {
      "value": 0.0049308291636407375,
      "ci_lower": 0.004257665280160288,
      "ci_upper": 0.005603993047121187
    },
    "SNIPW": {
      "value": 0.005478410981595516,
      "ci_lower": 0.005478409945533835,
      "ci_upper": 0.005478412017657197
    },
    "DM": {
      "value": 0.006527496036142111,
      "ci_lower": 0.006512971035275159,
      "ci_upper": 0.006542021037009063
    },
    "DR": {
      "value": 0.005594866815954447,
      "ci_lower": 0.004911589497118297,
      "ci_upper": 0.0062781441347905965
    }
  },
  "Random": {
    "IPW": {
      "value": 0.004411494359374046,
      "ci_lower": 0.003854367717741657,
      "ci_upper": 0.004968621001006436
    },
    "SNIPW": {
      "value": 0.004622761160135269,
      "ci_lower": 0.004622760351412314,
      "ci_upper": 0.004622761968858224
    },
    "DM": {
      "value": 0.0038181340787559748,
      "ci_lower": 0.0038174537348964954,
      "ci_upper": 0.003818814422615454
    },
    "DR": {
      "value": 0.004542240872979164,
      "ci_lower": 0.003985790041615267,
      "ci_upper": 0.005098691704343061
    }
  },
  "BTS": {
    "IPW": {
      "value": 0.00527306878939271,
      "ci_lower": 0.005110664088148789,
      "ci_upper": 0.005435473490636631
    },
    "SNIPW": {
      "value": 0.005573214963078499,
      "ci_lower": 0.005573214725300777,
      "ci_upper": 0.005573215200856221
    },
    "DM": {
      "value": 0.0039099883288145065,
      "ci_lower": 0.00390925465406423,
      "ci_upper": 0.003910722003564783
    },
    "DR": {
      "value": 0.004574947990477085,
      "ci_lower": 0.0044125324611439184,
      "ci_upper": 0.004737363519810252
    }
  },
  "LinUCB": {
    "IPW": {
      "value": 0.004361904226243496,
      "ci_lower": 0.0038030484590706338,
      "ci_upper": 0.004920759993416358
    },
    "SNIPW": {
      "value": 0.0045848265290260315,
      "ci_lower": 0.004584825715302836,
      "ci_upper": 0.004584827342749227
    },
    "DM": {
      "value": 0.003798853140324354,
      "ci_lower": 0.0037981706525998834,
      "ci_upper": 0.003799535628048825
    },
    "DR": {
      "value": 0.004500154405832291,
      "ci_lower": 0.003941948255264412,
      "ci_upper": 0.0050583605564001695
    }
  },
  "NeuralUCB": {
    "IPW": {
      "value": 0.0044312127865850925,
      "ci_lower": 0.0038732427914874345,
      "ci_upper": 0.004989182781682751
    },
    "SNIPW": {
      "value": 0.0046425312757492065,
      "ci_lower": 0.004642530465957675,
      "ci_upper": 0.004642532085540738
    },
    "DM": {
      "value": 0.003828085260465741,
      "ci_lower": 0.003827382618248494,
      "ci_upper": 0.0038287879026829884
    },
    "DR": {
      "value": 0.004557644482702017,
      "ci_lower": 0.004000244491972219,
      "ci_upper": 0.005115044473431815
    }
  },
  "DQN": {
    "IPW": {
      "value": 0.004413387272506952,
      "ci_lower": 0.0038563853085878804,
      "ci_upper": 0.004970389236426024
    },
    "SNIPW": {
      "value": 0.004624515771865845,
      "ci_lower": 0.004624514963363712,
      "ci_upper": 0.004624516580367977
    },
    "DM": {
      "value": 0.0038193881046026945,
      "ci_lower": 0.003818706435161655,
      "ci_upper": 0.003820069774043734
    },
    "DR": {
      "value": 0.0045440830290317535,
      "ci_lower": 0.003987755775384806,
      "ci_upper": 0.005100410282678701
    }
  },
  "CQL": {
    "IPW": {
      "value": 0.005599126685410738,
      "ci_lower": 0.0052224712572421185,
      "ci_upper": 0.0059757821135793575
    },
    "SNIPW": {
      "value": 0.005806160159409046,
      "ci_lower": 0.005806159618351881,
      "ci_upper": 0.005806160700466211
    },
    "DM": {
      "value": 0.005676204804331064,
      "ci_lower": 0.005666383451311697,
      "ci_upper": 0.005686026157350432
    },
    "DR": {
      "value": 0.005847126245498657,
      "ci_lower": 0.005470852103571041,
      "ci_upper": 0.006223400387426274
    }
  },
  "IQL": {
    "IPW": {
      "value": 0.004431271459907293,
      "ci_lower": 0.0038739982093840028,
      "ci_upper": 0.004988544710430583
    },
    "SNIPW": {
      "value": 0.004641249775886536,
      "ci_lower": 0.004641248967340016,
      "ci_upper": 0.004641250584433055
    },
    "DM": {
      "value": 0.0038297916762530804,
      "ci_lower": 0.0038290697330070353,
      "ci_upper": 0.0038305136194991254
    },
    "DR": {
      "value": 0.004561199340969324,
      "ci_lower": 0.004004607331946592,
      "ci_upper": 0.005117791349992056
    }
  },
  "MF-Bandit": {
    "IPW": {
      "value": 0.0051465933211147785,
      "ci_lower": 0.004602412536735507,
      "ci_upper": 0.00569077410549405
    },
    "SNIPW": {
      "value": 0.005361170973628759,
      "ci_lower": 0.00536117018836925,
      "ci_upper": 0.005361171758888269
    },
    "DM": {
      "value": 0.004459786228835583,
      "ci_lower": 0.0044590511821110766,
      "ci_upper": 0.004460521275560089
    },
    "DR": {
      "value": 0.005308805499225855,
      "ci_lower": 0.0047659128449682115,
      "ci_upper": 0.005851698153483498
    }
  },
  "Greedy-GNN": {
    "IPW": {
      "value": 0.005878564901649952,
      "ci_lower": 0.005391066105108238,
      "ci_upper": 0.006366063698191666
    },
    "SNIPW": {
      "value": 0.006150340661406517,
      "ci_lower": 0.006150339954874905,
      "ci_upper": 0.006150341367938129
    },
    "DM": {
      "value": 0.005967363249510527,
      "ci_lower": 0.005966271829609728,
      "ci_upper": 0.005968454669411326
    },
    "DR": {
      "value": 0.0061545707285404205,
      "ci_lower": 0.005668167115882438,
      "ci_upper": 0.006640974341198403
    }
  },
  "Uplift-Only": {
    "IPW": {
      "value": 0.004411396104842424,
      "ci_lower": 0.003854269188210943,
      "ci_upper": 0.004968523021473906
    },
    "SNIPW": {
      "value": 0.004622661042958498,
      "ci_lower": 0.0046226602342344944,
      "ci_upper": 0.0046226618516825016
    },
    "DM": {
      "value": 0.003818836063146591,
      "ci_lower": 0.0038181376713974867,
      "ci_upper": 0.0038195344548956956
    },
    "DR": {
      "value": 0.004541344940662384,
      "ci_lower": 0.003984875409360234,
      "ci_upper": 0.005097814471964534
    }
  }
}