{
  "GNN-Bandit": {
    "IPW": {
      "value": 0.005798405967652798,
      "ci_lower": 0.005102524546685063,
      "ci_upper": 0.006494287388620532
    },
    "SNIPW": {
      "value": 0.006059830542653799,
      "ci_lower": 0.006059829535218341,
      "ci_upper": 0.006059831550089257
    },
    "DM": {
      "value": 0.006295019295066595,
      "ci_lower": 0.006289233056897212,
      "ci_upper": 0.006300805533235978
    },
    "DR": {
      "value": 0.006083480082452297,
      "ci_lower": 0.005387936979117447,
      "ci_upper": 0.006779023185787147
    }
  },
  "Random": {
    "IPW": {
      "value": 0.004411494359374046,
      "ci_lower": 0.003854367717741657,
      "ci_upper": 0.004968621001006436
    },
    "SNIPW": {
      "value": 0.004622761160135269,
      "ci_lower": 0.004622760351412314,
      "ci_upper": 0.004622761968858224
    },
    "DM": {
      "value": 0.0038551469333469868,
      "ci_lower": 0.003854322520645592,
      "ci_upper": 0.0038559713460483815
    },
    "DR": {
      "value": 0.00454232981428504,
      "ci_lower": 0.003985929754628496,
      "ci_upper": 0.005098729873941584
    }
  },
  "BTS": {
    "IPW": {
      "value": 0.00527306878939271,
      "ci_lower": 0.005110664088148789,
      "ci_upper": 0.005435473490636631
    },
    "SNIPW": {
      "value": 0.005573214963078499,
      "ci_lower": 0.005573214725300777,
      "ci_upper": 0.005573215200856221
    },
    "DM": {
      "value": 0.003958770539611578,
      "ci_lower": 0.003957878763210497,
      "ci_upper": 0.003959662316012659
    },
    "DR": {
      "value": 0.004410217981785536,
      "ci_lower": 0.0042478047899446505,
      "ci_upper": 0.004572631173626421
    }
  },
  "LinUCB": {
    "IPW": {
      "value": 0.00436176685616374,
      "ci_lower": 0.003802968976299736,
      "ci_upper": 0.0049205647360277445
    },
    "SNIPW": {
      "value": 0.004584676586091518,
      "ci_lower": 0.004584675772453557,
      "ci_upper": 0.00458467739972948
    },
    "DM": {
      "value": 0.003823381382972002,
      "ci_lower": 0.003822561262901697,
      "ci_upper": 0.003824201503042307
    },
    "DR": {
      "value": 0.00450096745043993,
      "ci_lower": 0.003942887215081283,
      "ci_upper": 0.005059047685798577
    }
  },
  "NeuralUCB": {
    "IPW": {
      "value": 0.004424555227160454,
      "ci_lower": 0.0038678214217309297,
      "ci_upper": 0.004981289032589978
    },
    "SNIPW": {
      "value": 0.004636924248188734,
      "ci_lower": 0.00463692343995273,
      "ci_upper": 0.004636925056424738
    },
    "DM": {
      "value": 0.0038737445138394833,
      "ci_lower": 0.003872914062303048,
      "ci_upper": 0.0038745749653759185
    },
    "DR": {
      "value": 0.004556535743176937,
      "ci_lower": 0.004000523122866078,
      "ci_upper": 0.005112548363487796
    }
  },
  "DQN": {
    "IPW": {
      "value": 0.004413142334669828,
      "ci_lower": 0.0038559708338105634,
      "ci_upper": 0.0049703138355290935
    },
    "SNIPW": {
      "value": 0.004624259192496538,
      "ci_lower": 0.004624258383748275,
      "ci_upper": 0.004624260001244801
    },
    "DM": {
      "value": 0.003857199801132083,
      "ci_lower": 0.0038563689222594123,
      "ci_upper": 0.0038580306800047536
    },
    "DR": {
      "value": 0.004543727729469538,
      "ci_lower": 0.003987280266844517,
      "ci_upper": 0.005100175192094558
    }
  },
  "CQL": {
    "IPW": {
      "value": 0.00564606161788106,
      "ci_lower": 0.005273625775779477,
      "ci_upper": 0.0060184974599826425
    },
    "SNIPW": {
      "value": 0.005846645217388868,
      "ci_lower": 0.0058466446831410765,
      "ci_upper": 0.00584664575163666
    },
    "DM": {
      "value": 0.005645038094371557,
      "ci_lower": 0.005641916767666378,
      "ci_upper": 0.005648159421076737
    },
    "DR": {
      "value": 0.00585144991055131,
      "ci_lower": 0.005479376964126455,
      "ci_upper": 0.006223522856976164
    }
  },
  "IQL": {
    "IPW": {
      "value": 0.004440706223249435,
      "ci_lower": 0.0038828491496539132,
      "ci_upper": 0.004998563296844958
    },
    "SNIPW": {
      "value": 0.00464826263487339,
      "ci_lower": 0.004648261825979114,
      "ci_upper": 0.004648263443767666
    },
    "DM": {
      "value": 0.003912719897925854,
      "ci_lower": 0.00390647956106058,
      "ci_upper": 0.0039189602347911275
    },
    "DR": {
      "value": 0.004591745790094137,
      "ci_lower": 0.004034085753348004,
      "ci_upper": 0.00514940582684027
    }
  },
  "MF-Bandit": {
    "IPW": {
      "value": 0.0050886524841189384,
      "ci_lower": 0.004547853638572593,
      "ci_upper": 0.0056294513296652835
    },
    "SNIPW": {
      "value": 0.005300958640873432,
      "ci_lower": 0.005300957860472872,
      "ci_upper": 0.005300959421273992
    },
    "DM": {
      "value": 0.004698675591498613,
      "ci_lower": 0.004697758175259099,
      "ci_upper": 0.004699593007738128
    },
    "DR": {
      "value": 0.005254853051155806,
      "ci_lower": 0.004715293695266698,
      "ci_upper": 0.005794412407044913
    }
  },
  "Greedy-GNN": {
    "IPW": {
      "value": 0.005910106003284454,
      "ci_lower": 0.005401164633795556,
      "ci_upper": 0.006419047372773353
    },
    "SNIPW": {
      "value": 0.006183018907904625,
      "ci_lower": 0.006183018170334659,
      "ci_upper": 0.006183019645474591
    },
    "DM": {
      "value": 0.006078415084630251,
      "ci_lower": 0.00607703805138421,
      "ci_upper": 0.006079792117876292
    },
    "DR": {
      "value": 0.00618461798876524,
      "ci_lower": 0.005676929618263971,
      "ci_upper": 0.006692306359266508
    }
  },
  "Uplift-Only": {
    "IPW": {
      "value": 0.004411396104842424,
      "ci_lower": 0.003854269188210943,
      "ci_upper": 0.004968523021473906
    },
    "SNIPW": {
      "value": 0.004622661042958498,
      "ci_lower": 0.0046226602342344944,
      "ci_upper": 0.0046226618516825016
    },
    "DM": {
      "value": 0.003855545772239566,
      "ci_lower": 0.0038547088864226186,
      "ci_upper": 0.003856382658056513
    },
    "DR": {
      "value": 0.004542546812444925,
      "ci_lower": 0.003986145927791105,
      "ci_upper": 0.005098947697098745
    }
  }
}