{
  "GNN-Bandit": {
    "IPW": {
      "value": 0.008055604994297028,
      "ci_lower": 0.006309218074212242,
      "ci_upper": 0.009801991914381813
    },
    "SNIPW": {
      "value": 0.008177819661796093,
      "ci_lower": 0.008177813949658464,
      "ci_upper": 0.008177825373933722
    },
    "DM": {
      "value": 0.006242883857339621,
      "ci_lower": 0.0062376088184990615,
      "ci_upper": 0.00624815889618018
    },
    "DR": {
      "value": 0.008095873519778252,
      "ci_lower": 0.006355682670170604,
      "ci_upper": 0.009836064369385899
    }
  },
  "Random": {
    "IPW": {
      "value": 0.006012766622006893,
      "ci_lower": 0.004996075703136027,
      "ci_upper": 0.0070294575408777595
    },
    "SNIPW": {
      "value": 0.006614877842366695,
      "ci_lower": 0.006614874238610537,
      "ci_upper": 0.0066148814461228535
    },
    "DM": {
      "value": 0.003911863546818495,
      "ci_lower": 0.00391012070765695,
      "ci_upper": 0.00391360638598004
    },
    "DR": {
      "value": 0.006238304078578949,
      "ci_lower": 0.005224998953901292,
      "ci_upper": 0.007251609203256606
    }
  },
  "BTS": {
    "IPW": {
      "value": 0.007492853794246912,
      "ci_lower": 0.007199616619988024,
      "ci_upper": 0.0077860909685058
    },
    "SNIPW": {
      "value": 0.008007456548511982,
      "ci_lower": 0.008007455538828732,
      "ci_upper": 0.008007457558195232
    },
    "DM": {
      "value": 0.004060506355017424,
      "ci_lower": 0.004058756032645338,
      "ci_upper": 0.004062256677389509
    },
    "DR": {
      "value": 0.006523566786199808,
      "ci_lower": 0.006230346964503133,
      "ci_upper": 0.006816786607896483
    }
  },
  "LinUCB": {
    "IPW": {
      "value": 0.005838822573423386,
      "ci_lower": 0.004861020791033148,
      "ci_upper": 0.006816624355813624
    },
    "SNIPW": {
      "value": 0.0064810412004590034,
      "ci_lower": 0.006481037703510809,
      "ci_upper": 0.006481044697407198
    },
    "DM": {
      "value": 0.0038516377098858356,
      "ci_lower": 0.0038497991011110263,
      "ci_upper": 0.003853476318660645
    },
    "DR": {
      "value": 0.0060774232260882854,
      "ci_lower": 0.0051027978538022,
      "ci_upper": 0.007052048598374371
    }
  },
  "NeuralUCB": {
    "IPW": {
      "value": 0.006089674774557352,
      "ci_lower": 0.0050567911366349895,
      "ci_upper": 0.007122558412479715
    },
    "SNIPW": {
      "value": 0.0066861663945019245,
      "ci_lower": 0.006686162740630125,
      "ci_upper": 0.006686170048373724
    },
    "DM": {
      "value": 0.003945135045796633,
      "ci_lower": 0.003943366297180739,
      "ci_upper": 0.003946903794412527
    },
    "DR": {
      "value": 0.006312517449259758,
      "ci_lower": 0.0052831092516979275,
      "ci_upper": 0.0073419256468215885
    }
  },
  "DQN": {
    "IPW": {
      "value": 0.006017494946718216,
      "ci_lower": 0.005000224735362602,
      "ci_upper": 0.00703476515807383
    },
    "SNIPW": {
      "value": 0.006618952844291925,
      "ci_lower": 0.006618949239096681,
      "ci_upper": 0.00661895644948717
    },
    "DM": {
      "value": 0.003914682660251856,
      "ci_lower": 0.003912937604919754,
      "ci_upper": 0.003916427715583958
    },
    "DR": {
      "value": 0.006242958828806877,
      "ci_lower": 0.005229077137726754,
      "ci_upper": 0.007256840519887
    }
  },
  "CQL": {
    "IPW": {
      "value": 0.00904384907335043,
      "ci_lower": 0.008004012772268587,
      "ci_upper": 0.010083685374432272
    },
    "SNIPW": {
      "value": 0.009320665150880814,
      "ci_lower": 0.009320661698033136,
      "ci_upper": 0.009320668603728492
    },
    "DM": {
      "value": 0.005948091857135296,
      "ci_lower": 0.005945858871369441,
      "ci_upper": 0.005950324842901151
    },
    "DR": {
      "value": 0.00922470260411501,
      "ci_lower": 0.008190078782053394,
      "ci_upper": 0.010259326426176624
    }
  },
  "IQL": {
    "IPW": {
      "value": 0.006042927969247103,
      "ci_lower": 0.005045431815115209,
      "ci_upper": 0.007040424123378996
    },
    "SNIPW": {
      "value": 0.0066339545883238316,
      "ci_lower": 0.006633951060107707,
      "ci_upper": 0.006633958116539956
    },
    "DM": {
      "value": 0.003940314054489136,
      "ci_lower": 0.003938542293503173,
      "ci_upper": 0.003942085815475099
    },
    "DR": {
      "value": 0.0062652816995978355,
      "ci_lower": 0.005271073305546348,
      "ci_upper": 0.007259490093649323
    }
  },
  "MF-Bandit": {
    "IPW": {
      "value": 0.008449966087937355,
      "ci_lower": 0.006971415808333385,
      "ci_upper": 0.009928516367541324
    },
    "SNIPW": {
      "value": 0.008812743239104748,
      "ci_lower": 0.00881273827076677,
      "ci_upper": 0.008812748207442725
    },
    "DM": {
      "value": 0.005018650554120541,
      "ci_lower": 0.00501716527966492,
      "ci_upper": 0.005020135828576161
    },
    "DR": {
      "value": 0.008634189143776894,
      "ci_lower": 0.007161098053639599,
      "ci_upper": 0.010107280233914188
    }
  },
  "Greedy-GNN": {
    "IPW": {
      "value": 0.009401241317391396,
      "ci_lower": 0.008269877118267318,
      "ci_upper": 0.010532605516515473
    },
    "SNIPW": {
      "value": 0.009613404981791973,
      "ci_lower": 0.009613401254328786,
      "ci_upper": 0.00961340870925516
    },
    "DM": {
      "value": 0.006198220886290073,
      "ci_lower": 0.00619509318094699,
      "ci_upper": 0.006201348591633157
    },
    "DR": {
      "value": 0.009539110586047173,
      "ci_lower": 0.008413369980121188,
      "ci_upper": 0.010664851191973157
    }
  },
  "Uplift-Only": {
    "IPW": {
      "value": 0.006018892861902714,
      "ci_lower": 0.005001996648066212,
      "ci_upper": 0.007035789075739216
    },
    "SNIPW": {
      "value": 0.006621554959565401,
      "ci_lower": 0.0066215513551168975,
      "ci_upper": 0.006621558564013905
    },
    "DM": {
      "value": 0.003911916166543961,
      "ci_lower": 0.003910173746165338,
      "ci_upper": 0.003913658586922583
    },
    "DR": {
      "value": 0.006244429387152195,
      "ci_lower": 0.005230918862659584,
      "ci_upper": 0.007257939911644806
    }
  }
}