{
  "GNN-Bandit": {
    "IPW": {
      "value": 0.006814724300056696,
      "ci_lower": 0.005286218877198292,
      "ci_upper": 0.0083432297229151
    },
    "SNIPW": {
      "value": 0.00706607336178422,
      "ci_lower": 0.007066068255374748,
      "ci_upper": 0.007066078468193691
    },
    "DM": {
      "value": 0.008568917401134968,
      "ci_lower": 0.008563703301045979,
      "ci_upper": 0.008574131501223957
    },
    "DR": {
      "value": 0.007136636879295111,
      "ci_lower": 0.00561183714590068,
      "ci_upper": 0.008661436612689541
    }
  },
  "Random": {
    "IPW": {
      "value": 0.006012766622006893,
      "ci_lower": 0.004996075703136027,
      "ci_upper": 0.0070294575408777595
    },
    "SNIPW": {
      "value": 0.006614877842366695,
      "ci_lower": 0.006614874238610537,
      "ci_upper": 0.0066148814461228535
    },
    "DM": {
      "value": 0.005000911187380552,
      "ci_lower": 0.004999369988919674,
      "ci_upper": 0.005002452385841431
    },
    "DR": {
      "value": 0.006316003855317831,
      "ci_lower": 0.005304450972451053,
      "ci_upper": 0.007327556738184609
    }
  },
  "BTS": {
    "IPW": {
      "value": 0.007492853794246912,
      "ci_lower": 0.007199616619988024,
      "ci_upper": 0.0077860909685058
    },
    "SNIPW": {
      "value": 0.008007456548511982,
      "ci_lower": 0.008007455538828732,
      "ci_upper": 0.008007457558195232
    },
    "DM": {
      "value": 0.005146055016666651,
      "ci_lower": 0.005144386656870374,
      "ci_upper": 0.0051477233764629276
    },
    "DR": {
      "value": 0.006480332463979721,
      "ci_lower": 0.0061871012923443176,
      "ci_upper": 0.006773563635615125
    }
  },
  "LinUCB": {
    "IPW": {
      "value": 0.0058418745175004005,
      "ci_lower": 0.004863553940682192,
      "ci_upper": 0.006820195094318609
    },
    "SNIPW": {
      "value": 0.006484802812337875,
      "ci_lower": 0.006484799313332643,
      "ci_upper": 0.006484806311343108
    },
    "DM": {
      "value": 0.0049188947305083275,
      "ci_lower": 0.004917338512792141,
      "ci_upper": 0.004920450948224514
    },
    "DR": {
      "value": 0.006161895580589771,
      "ci_lower": 0.005188363891545026,
      "ci_upper": 0.007135427269634517
    }
  },
  "NeuralUCB": {
    "IPW": {
      "value": 0.00605946546420455,
      "ci_lower": 0.005047384035923181,
      "ci_upper": 0.007071546892485918
    },
    "SNIPW": {
      "value": 0.006652143318206072,
      "ci_lower": 0.006652139738382823,
      "ci_upper": 0.0066521468980293205
    },
    "DM": {
      "value": 0.00503840995952487,
      "ci_lower": 0.005036850403934724,
      "ci_upper": 0.005039969515115016
    },
    "DR": {
      "value": 0.006358758546411991,
      "ci_lower": 0.005351762834324777,
      "ci_upper": 0.007365754258499205
    }
  },
  "DQN": {
    "IPW": {
      "value": 0.006017124280333519,
      "ci_lower": 0.005000312470198415,
      "ci_upper": 0.007033936090468623
    },
    "SNIPW": {
      "value": 0.006618463434278965,
      "ci_lower": 0.006618459830752789,
      "ci_upper": 0.006618467037805141
    },
    "DM": {
      "value": 0.005003857426345348,
      "ci_lower": 0.005002314817640657,
      "ci_upper": 0.005005400035050039
    },
    "DR": {
      "value": 0.00632015336304903,
      "ci_lower": 0.0053084800083152885,
      "ci_upper": 0.007331826717782772
    }
  },
  "CQL": {
    "IPW": {
      "value": 0.00921664945781231,
      "ci_lower": 0.008132050780824381,
      "ci_upper": 0.010301248134800238
    },
    "SNIPW": {
      "value": 0.00951942428946495,
      "ci_lower": 0.009519420680143631,
      "ci_upper": 0.00951942789878627
    },
    "DM": {
      "value": 0.0072802030481398106,
      "ci_lower": 0.007276790528633492,
      "ci_upper": 0.007283615567646129
    },
    "DR": {
      "value": 0.00946888979524374,
      "ci_lower": 0.008390472195280404,
      "ci_upper": 0.010547307395207076
    }
  },
  "IQL": {
    "IPW": {
      "value": 0.006081176921725273,
      "ci_lower": 0.005055197821125196,
      "ci_upper": 0.007107156022325351
    },
    "SNIPW": {
      "value": 0.006675520911812782,
      "ci_lower": 0.006675517283080197,
      "ci_upper": 0.0066755245405453675
    },
    "DM": {
      "value": 0.005041824653744698,
      "ci_lower": 0.005040266767552295,
      "ci_upper": 0.0050433825399371
    },
    "DR": {
      "value": 0.006381275597959757,
      "ci_lower": 0.00536049345868077,
      "ci_upper": 0.007402057737238744
    }
  },
  "MF-Bandit": {
    "IPW": {
      "value": 0.008381363935768604,
      "ci_lower": 0.006924733664390227,
      "ci_upper": 0.009837994207146981
    },
    "SNIPW": {
      "value": 0.008735548704862595,
      "ci_lower": 0.00873554381334455,
      "ci_upper": 0.00873555359638064
    },
    "DM": {
      "value": 0.006597439292818308,
      "ci_lower": 0.006594806775857311,
      "ci_upper": 0.006600071809779305
    },
    "DR": {
      "value": 0.008662432432174683,
      "ci_lower": 0.00721381726210021,
      "ci_upper": 0.010111047602249155
    }
  },
  "Greedy-GNN": {
    "IPW": {
      "value": 0.009170806966722012,
      "ci_lower": 0.008104177051391761,
      "ci_upper": 0.010237436882052262
    },
    "SNIPW": {
      "value": 0.009372853673994541,
      "ci_lower": 0.009372850161651963,
      "ci_upper": 0.00937285718633712
    },
    "DM": {
      "value": 0.007756063248962164,
      "ci_lower": 0.007753094554573245,
      "ci_upper": 0.007759031943351083
    },
    "DR": {
      "value": 0.009337174706161022,
      "ci_lower": 0.008275961411474133,
      "ci_upper": 0.010398388000847912
    }
  },
  "Uplift-Only": {
    "IPW": {
      "value": 0.006018892861902714,
      "ci_lower": 0.005001996648066212,
      "ci_upper": 0.007035789075739216
    },
    "SNIPW": {
      "value": 0.006621554959565401,
      "ci_lower": 0.0066215513551168975,
      "ci_upper": 0.006621558564013905
    },
    "DM": {
      "value": 0.005000894423574209,
      "ci_lower": 0.0049993529551058576,
      "ci_upper": 0.005002435892042561
    },
    "DR": {
      "value": 0.006322118919342756,
      "ci_lower": 0.0053103600075651135,
      "ci_upper": 0.007333877831120399
    }
  }
}