{
  "Full GNN-Bandit": {
    "IPW": {
      "value": 0.0058503649197518826,
      "std": 0.3984557092189789,
      "ci_lower": 0.005306199452456271,
      "ci_upper": 0.006394530387047494
    },
    "SNIPW": {
      "value": 0.006561800837516785,
      "std": 2.1697509566820372e-07,
      "ci_lower": 0.006561800541196889,
      "ci_upper": 0.00656180113383668
    },
    "DM": {
      "value": 0.011354419402778149,
      "std": 0.05654556676745415,
      "ci_lower": 0.011277195902018628,
      "ci_upper": 0.011431642903537669
    },
    "DR": {
      "value": 0.008295903913676739,
      "std": 0.4722810983657837,
      "ci_lower": 0.00765091613049037,
      "ci_upper": 0.008940891696863107
    }
  },
  "No-Graph (BCQ only)": {
    "IPW": {
      "value": 0.004783004056662321,
      "std": 0.25711265206336975,
      "ci_lower": 0.004431868853374805,
      "ci_upper": 0.005134139259949837
    },
    "SNIPW": {
      "value": 0.004937355872243643,
      "std": 1.2885664091299986e-07,
      "ci_lower": 0.004937355696265905,
      "ci_upper": 0.00493735604822138
    },
    "DM": {
      "value": 0.004637576173990965,
      "std": 0.011096055619418621,
      "ci_lower": 0.004622422443848374,
      "ci_upper": 0.004652729904133556
    },
    "DR": {
      "value": 0.005086618475615978,
      "std": 0.24608272314071655,
      "ci_lower": 0.004750546694153181,
      "ci_upper": 0.005422690257078776
    }
  },
  "No-Constraint (GNN+DQN)": {
    "IPW": {
      "value": 0.004067676141858101,
      "std": 0.23495012521743774,
      "ci_lower": 0.00374680799585835,
      "ci_upper": 0.004388544287857852
    },
    "SNIPW": {
      "value": 0.0042503164149820805,
      "std": 1.1919013331862516e-07,
      "ci_lower": 0.004250316252205759,
      "ci_upper": 0.0042503165777584015
    },
    "DM": {
      "value": 0.003043067641556263,
      "std": 0.0021059697028249502,
      "ci_lower": 0.0030401915477748626,
      "ci_upper": 0.0030459437353376633
    },
    "DR": {
      "value": 0.004172327928245068,
      "std": 0.23594209551811218,
      "ci_lower": 0.003850105062085157,
      "ci_upper": 0.004494550794404978
    }
  },
  "Minimal (Context+DQN)": {
    "IPW": {
      "value": 0.004067809320986271,
      "std": 0.23497910797595978,
      "ci_lower": 0.003746901593632885,
      "ci_upper": 0.004388717048339657
    },
    "SNIPW": {
      "value": 0.004250548779964447,
      "std": 1.1920743503424092e-07,
      "ci_lower": 0.004250548617164497,
      "ci_upper": 0.004250548942764397
    },
    "DM": {
      "value": 0.0034874489065259695,
      "std": 0.0020628846250474453,
      "ci_lower": 0.003484631653441138,
      "ci_upper": 0.003490266159610801
    },
    "DR": {
      "value": 0.004190005362033844,
      "std": 0.23624682426452637,
      "ci_lower": 0.0038673663320272266,
      "ci_upper": 0.004512644392040461
    }
  }
}