{
  "Full GNN-Bandit": {
    "IPW": {
      "value": 0.006027111317962408,
      "std": 0.45117077231407166,
      "ci_lower": 0.005410953615949201,
      "ci_upper": 0.006643269019975615
    },
    "SNIPW": {
      "value": 0.00659602927044034,
      "std": 2.3971986706783355e-07,
      "ci_lower": 0.006596028943058223,
      "ci_upper": 0.006596029597822457
    },
    "DM": {
      "value": 0.01261697243899107,
      "std": 0.05412983521819115,
      "ci_lower": 0.012543048069494953,
      "ci_upper": 0.012690896808487187
    },
    "DR": {
      "value": 0.0086410753428936,
      "std": 0.5105805397033691,
      "ci_lower": 0.007943782540829527,
      "ci_upper": 0.009338368144957674
    }
  },
  "No-Graph (BCQ only)": {
    "IPW": {
      "value": 0.00470781372860074,
      "std": 0.22769677639007568,
      "ci_lower": 0.0043968513810693725,
      "ci_upper": 0.005018776076132108
    },
    "SNIPW": {
      "value": 0.004870672710239887,
      "std": 1.14371090376153e-07,
      "ci_lower": 0.004870672554044866,
      "ci_upper": 0.0048706728664349086
    },
    "DM": {
      "value": 0.004195942543447018,
      "std": 0.010938044637441635,
      "ci_lower": 0.004181004606723509,
      "ci_upper": 0.004210880480170526
    },
    "DR": {
      "value": 0.0049601104110479355,
      "std": 0.24055752158164978,
      "ci_lower": 0.004631584321160709,
      "ci_upper": 0.005288636500935162
    }
  },
  "No-Constraint (GNN+DQN)": {
    "IPW": {
      "value": 0.004067924339324236,
      "std": 0.23492902517318726,
      "ci_lower": 0.0037470850093639443,
      "ci_upper": 0.0043887636692845275
    },
    "SNIPW": {
      "value": 0.004250707104802132,
      "std": 1.1918309894554113e-07,
      "ci_lower": 0.004250706942035417,
      "ci_upper": 0.004250707267568847
    },
    "DM": {
      "value": 0.003198200138285756,
      "std": 0.0019015604630112648,
      "ci_lower": 0.0031956032033843246,
      "ci_upper": 0.0032007970731871877
    },
    "DR": {
      "value": 0.004172390326857567,
      "std": 0.23531296849250793,
      "ci_lower": 0.003851026650800735,
      "ci_upper": 0.004493754002914399
    }
  },
  "Minimal (Context+DQN)": {
    "IPW": {
      "value": 0.004069691523909569,
      "std": 0.23515740036964417,
      "ci_lower": 0.0037485403050928163,
      "ci_upper": 0.004390842742726321
    },
    "SNIPW": {
      "value": 0.0042527057230472565,
      "std": 1.1930322330044874e-07,
      "ci_lower": 0.0042527055601164895,
      "ci_upper": 0.0042527058859780234
    },
    "DM": {
      "value": 0.003287920029833913,
      "std": 0.002111723180860281,
      "ci_lower": 0.0032850360786069012,
      "ci_upper": 0.0032908039810609245
    },
    "DR": {
      "value": 0.004176478832960129,
      "std": 0.23728817701339722,
      "ci_lower": 0.003852417641864843,
      "ci_upper": 0.004500540024055415
    }
  }
}