{
  "Full GNN-Bandit": {
    "IPW": {
      "value": 0.005744342692196369,
      "std": 0.39584043622016907,
      "ci_lower": 0.005203748867170089,
      "ci_upper": 0.00628493651722265
    },
    "SNIPW": {
      "value": 0.006454443093389273,
      "std": 2.1593761800886568e-07,
      "ci_lower": 0.006454442798486245,
      "ci_upper": 0.0064544433882923
    },
    "DM": {
      "value": 0.012693986296653748,
      "std": 0.054469551891088486,
      "ci_lower": 0.012619597980782216,
      "ci_upper": 0.01276837461252528
    },
    "DR": {
      "value": 0.00834236666560173,
      "std": 0.46107301115989685,
      "ci_lower": 0.007712685612550654,
      "ci_upper": 0.008972047718652806
    }
  },
  "No-Graph (BCQ only)": {
    "IPW": {
      "value": 0.004719614051282406,
      "std": 0.24411915242671967,
      "ci_lower": 0.0043862238912656774,
      "ci_upper": 0.005053004211299134
    },
    "SNIPW": {
      "value": 0.004891164135187864,
      "std": 1.2282798422802443e-07,
      "ci_lower": 0.00489116396744338,
      "ci_upper": 0.004891164302932348
    },
    "DM": {
      "value": 0.004071197006851435,
      "std": 0.009724775329232216,
      "ci_lower": 0.0040579160152909195,
      "ci_upper": 0.00408447799841195
    },
    "DR": {
      "value": 0.004933822434395552,
      "std": 0.2362121045589447,
      "ci_lower": 0.004611230820612055,
      "ci_upper": 0.0052564140481790485
    }
  },
  "No-Constraint (GNN+DQN)": {
    "IPW": {
      "value": 0.004065525718033314,
      "std": 0.23479950428009033,
      "ci_lower": 0.0037448632729706055,
      "ci_upper": 0.004386188163096022
    },
    "SNIPW": {
      "value": 0.0042482465505599976,
      "std": 1.1911868114111712e-07,
      "ci_lower": 0.004248246387881257,
      "ci_upper": 0.004248246713238738
    },
    "DM": {
      "value": 0.0032131930347532034,
      "std": 0.00204279157333076,
      "ci_lower": 0.003210403222472014,
      "ci_upper": 0.0032159828470343928
    },
    "DR": {
      "value": 0.004168660379946232,
      "std": 0.23577962815761566,
      "ci_lower": 0.0038466593932200933,
      "ci_upper": 0.00449066136667237
    }
  },
  "Minimal (Context+DQN)": {
    "IPW": {
      "value": 0.004073095507919788,
      "std": 0.23548734188079834,
      "ci_lower": 0.0037514936925312128,
      "ci_upper": 0.004394697323308364
    },
    "SNIPW": {
      "value": 0.004256158601492643,
      "std": 1.1946769973292248e-07,
      "ci_lower": 0.004256158438337253,
      "ci_upper": 0.004256158764648034
    },
    "DM": {
      "value": 0.003056489396840334,
      "std": 0.0020231171511113644,
      "ci_lower": 0.0030537264536462556,
      "ci_upper": 0.0030592523400344122
    },
    "DR": {
      "value": 0.004173088353127241,
      "std": 0.23600827157497406,
      "ci_lower": 0.003850775111239055,
      "ci_upper": 0.004495401595015427
    }
  }
}