{
  "Full GNN-Bandit": {
    "IPW": {
      "value": 0.0059155928902328014,
      "std": 0.41026607155799866,
      "ci_lower": 0.005355298173958073,
      "ci_upper": 0.00647588760650753
    },
    "SNIPW": {
      "value": 0.006670281291007996,
      "std": 2.245955670332478e-07,
      "ci_lower": 0.0066702809842809265,
      "ci_upper": 0.006670281597735065
    },
    "DM": {
      "value": 0.01144828274846077,
      "std": 0.05195901170372963,
      "ci_lower": 0.011377323042702257,
      "ci_upper": 0.011519242454219283
    },
    "DR": {
      "value": 0.008433900773525238,
      "std": 0.45608097314834595,
      "ci_lower": 0.007811037277945324,
      "ci_upper": 0.009056764269105151
    }
  },
  "No-Graph (BCQ only)": {
    "IPW": {
      "value": 0.004642469342797995,
      "std": 0.22649168968200684,
      "ci_lower": 0.004333152765565447,
      "ci_upper": 0.004951785920030542
    },
    "SNIPW": {
      "value": 0.004804669879376888,
      "std": 1.1380372910707592e-07,
      "ci_lower": 0.004804669723956705,
      "ci_upper": 0.004804670034797072
    },
    "DM": {
      "value": 0.004116246942430735,
      "std": 0.006852226797491312,
      "ci_lower": 0.004106888950786993,
      "ci_upper": 0.004125604934074476
    },
    "DR": {
      "value": 0.0048292092978954315,
      "std": 0.23050084710121155,
      "ci_lower": 0.004514417469662566,
      "ci_upper": 0.005144001126128297
    }
  },
  "No-Constraint (GNN+DQN)": {
    "IPW": {
      "value": 0.004065567161887884,
      "std": 0.234648197889328,
      "ci_lower": 0.0037451113538764943,
      "ci_upper": 0.0043860229698992744
    },
    "SNIPW": {
      "value": 0.004248120356351137,
      "std": 1.1903717478389808e-07,
      "ci_lower": 0.004248120193783709,
      "ci_upper": 0.004248120518918565
    },
    "DM": {
      "value": 0.002808481687679887,
      "std": 0.001988105708733201,
      "ci_lower": 0.0028057665591298495,
      "ci_upper": 0.002811196816229924
    },
    "DR": {
      "value": 0.0041631897911429405,
      "std": 0.23513168096542358,
      "ci_lower": 0.003842073696961856,
      "ci_upper": 0.004484305885324025
    }
  },
  "Minimal (Context+DQN)": {
    "IPW": {
      "value": 0.004071611445397139,
      "std": 0.23514415323734283,
      "ci_lower": 0.003750478318006289,
      "ci_upper": 0.004392744572787988
    },
    "SNIPW": {
      "value": 0.0042543308809399605,
      "std": 1.1928582921427733e-07,
      "ci_lower": 0.004254330718032949,
      "ci_upper": 0.004254331043846972
    },
    "DM": {
      "value": 0.0032277873251587152,
      "std": 0.0019831673707813025,
      "ci_lower": 0.003225078940828718,
      "ci_upper": 0.0032304957094887125
    },
    "DR": {
      "value": 0.004179054871201515,
      "std": 0.23609130084514618,
      "ci_lower": 0.0038566282373840455,
      "ci_upper": 0.004501481505018985
    }
  }
}