{
  "Full GNN-Bandit": {
    "IPW": {
      "value": 0.006146226543933153,
      "std": 0.4238515794277191,
      "ci_lower": 0.005567378286907647,
      "ci_upper": 0.006725074800958659
    },
    "SNIPW": {
      "value": 0.006870239041745663,
      "std": 2.3002066029675916e-07,
      "ci_lower": 0.006870238727609619,
      "ci_upper": 0.006870239355881706
    },
    "DM": {
      "value": 0.012291179969906807,
      "std": 0.05399544909596443,
      "ci_lower": 0.012217439129684602,
      "ci_upper": 0.012364920810129012
    },
    "DR": {
      "value": 0.008942360058426857,
      "std": 0.4788934290409088,
      "ci_lower": 0.008288341906422846,
      "ci_upper": 0.009596378210430868
    }
  },
  "No-Graph (BCQ only)": {
    "IPW": {
      "value": 0.004805074073374271,
      "std": 0.247556671500206,
      "ci_lower": 0.004466989340962965,
      "ci_upper": 0.005143158805785578
    },
    "SNIPW": {
      "value": 0.004948955960571766,
      "std": 1.237877995663439e-07,
      "ci_lower": 0.004948955791516475,
      "ci_upper": 0.0049489561296270565
    },
    "DM": {
      "value": 0.004314239602535963,
      "std": 0.009852675721049309,
      "ci_lower": 0.004300783939174115,
      "ci_upper": 0.004327695265897811
    },
    "DR": {
      "value": 0.005056826397776604,
      "std": 0.24340754747390747,
      "ci_lower": 0.004724408066830755,
      "ci_upper": 0.005389244728722453
    }
  },
  "No-Constraint (GNN+DQN)": {
    "IPW": {
      "value": 0.0040675317868590355,
      "std": 0.23479688167572021,
      "ci_lower": 0.003746872923450949,
      "ci_upper": 0.0043881906502671215
    },
    "SNIPW": {
      "value": 0.00425022142007947,
      "std": 1.191139418210696e-07,
      "ci_lower": 0.004250221257407202,
      "ci_upper": 0.004250221582751738
    },
    "DM": {
      "value": 0.003193287178874016,
      "std": 0.00190552172716707,
      "ci_lower": 0.0031906848341287535,
      "ci_upper": 0.003195889523619278
    },
    "DR": {
      "value": 0.004176491405814886,
      "std": 0.23557201027870178,
      "ci_lower": 0.003854773959962888,
      "ci_upper": 0.004498208851666885
    }
  },
  "Minimal (Context+DQN)": {
    "IPW": {
      "value": 0.004070554859936237,
      "std": 0.23517362773418427,
      "ci_lower": 0.0037493814796315107,
      "ci_upper": 0.0043917282402409635
    },
    "SNIPW": {
      "value": 0.004253486171364784,
      "std": 1.193080407801972e-07,
      "ci_lower": 0.004253486008427438,
      "ci_upper": 0.00425348633430213
    },
    "DM": {
      "value": 0.003203842556104064,
      "std": 0.0020870091393589973,
      "ci_lower": 0.003200992356502719,
      "ci_upper": 0.003206692755705409
    },
    "DR": {
      "value": 0.0041725351475179195,
      "std": 0.23564384877681732,
      "ci_lower": 0.0038507195928197124,
      "ci_upper": 0.004494350702216127
    }
  }
}