{
  "dataset": "obd-all",
  "seed": 3,
  "config": {
    "gcn_embed_dim": 64,
    "gcn_n_layers": 3,
    "gcn_lr": 0.001,
    "gcn_epochs": 100,
    "gcn_batch_size": 16384,
    "gcn_reg": 0.0001,
    "bcq_hidden": 256,
    "bcq_n_hidden": 2,
    "bcq_threshold_ratio": 0.3,
    "bcq_min_actions": 5,
    "bcq_lr": 0.001,
    "bcq_epochs_bc": 30,
    "bcq_epochs_q": 100,
    "bcq_batch_size": 16384,
    "bcq_temperature": 0.1,
    "bcq_hybrid_weight": 1.0,
    "bcq_num_quantiles": 32,
    "bcq_cvar_alpha": 0.1,
    "cate_hidden": 128,
    "cate_epochs": 50,
    "cate_uplift_weight": 0.5,
    "rm_hidden": 128,
    "rm_epochs": 30,
    "ope_clip": 100.0,
    "dqn_epochs": 50,
    "mf_epochs": 30,
    "cql_alpha": 1.0,
    "iql_expectile": 0.7
  },
  "ope_results": {
    "GNN-Bandit": {
      "IPW": {
        "value": 0.0058345491997897625,
        "std": 0.4000796973705292,
        "ci_lower": 0.005288165874270704,
        "ci_upper": 0.006380932525308821,
        "n": 2059730
      },
      "SNIPW": {
        "value": 0.006521706469357014,
        "std": 2.1711518627398618e-07,
        "ci_lower": 0.006521706172845798,
        "ci_upper": 0.0065217067658682295,
        "n": 2059730
      },
      "DM": {
        "value": 0.012379179708659649,
        "std": 0.054188694804906845,
        "ci_lower": 0.012305174955437639,
        "ci_upper": 0.012453184461881659,
        "n": 2059730
      },
      "DR": {
        "value": 0.00848286971449852,
        "std": 0.45879870653152466,
        "ci_lower": 0.00785629464791529,
        "ci_upper": 0.00910944478108175,
        "n": 2059730
      }
    },
    "Random": {
      "IPW": {
        "value": 0.004045878536999226,
        "std": 0.23408794403076172,
        "ci_lower": 0.0037261878599564656,
        "ci_upper": 0.004365569214041985,
        "n": 2059730
      },
      "SNIPW": {
        "value": 0.004227775149047375,
        "std": 1.1875935257421588e-07,
        "ci_lower": 0.004227774986859364,
        "ci_upper": 0.004227775311235385,
        "n": 2059730
      },
      "DM": {
        "value": 0.0032178983092308044,
        "std": 0.0014564376324415207,
        "ci_lower": 0.003215909272440748,
        "ci_upper": 0.0032198873460208607,
        "n": 2059730
      },
      "DR": {
        "value": 0.004143223632127047,
        "std": 0.23395474255084991,
        "ci_lower": 0.003823714866508527,
        "ci_upper": 0.004462732397745566,
        "n": 2059730
      }
    },
    "BTS": {
      "IPW": {
        "value": 0.004972549621015787,
        "std": 0.06831327825784683,
        "ci_lower": 0.004879255118952958,
        "ci_upper": 0.005065844123078617,
        "n": 2059730
      },
      "SNIPW": {
        "value": 0.005255691707134247,
        "std": 3.5054643632292937e-08,
        "ci_lower": 0.005255691659260603,
        "ci_upper": 0.00525569175500789,
        "n": 2059730
      },
      "DM": {
        "value": 0.0033200527541339397,
        "std": 0.0017371007706969976,
        "ci_lower": 0.0033176804195663694,
        "ci_upper": 0.00332242508870151,
        "n": 2059730
      },
      "DR": {
        "value": 0.0040871636010706425,
        "std": 0.06870304048061371,
        "ci_lower": 0.003993336806115079,
        "ci_upper": 0.004180990396026206,
        "n": 2059730
      }
    },
    "LinUCB": {
      "IPW": {
        "value": 0.004211935214698315,
        "std": 0.2855829894542694,
        "ci_lower": 0.0038219184642477528,
        "ci_upper": 0.004601951965148877,
        "n": 2059730
      },
      "SNIPW": {
        "value": 0.004437154158949852,
        "std": 1.4606456488763797e-07,
        "ci_lower": 0.00443715395947149,
        "ci_upper": 0.004437154358428214,
        "n": 2059730
      },
      "DM": {
        "value": 0.004576056730002165,
        "std": 0.017690841108560562,
        "ci_lower": 0.004551896592260477,
        "ci_upper": 0.004600216867743852,
        "n": 2059730
      },
      "DR": {
        "value": 0.004759930539876223,
        "std": 0.2822169363498688,
        "ci_lower": 0.004374510761731788,
        "ci_upper": 0.0051453503180206575,
        "n": 2059730
      }
    },
    "NeuralUCB": {
      "IPW": {
        "value": 0.004397883545607328,
        "std": 0.2917203903198242,
        "ci_lower": 0.003999485031430676,
        "ci_upper": 0.0047962820597839805,
        "n": 2059730
      },
      "SNIPW": {
        "value": 0.004605842288583517,
        "std": 1.4832754402505088e-07,
        "ci_lower": 0.004605842086014635,
        "ci_upper": 0.004605842491152399,
        "n": 2059730
      },
      "DM": {
        "value": 0.006566595286130905,
        "std": 0.039614394307136536,
        "ci_lower": 0.0065124944541161515,
        "ci_upper": 0.006620696118145659,
        "n": 2059730
      },
      "DR": {
        "value": 0.005846375599503517,
        "std": 0.32321494817733765,
        "ci_lower": 0.005404965401977176,
        "ci_upper": 0.0062877857970298585,
        "n": 2059730
      }
    },
    "DQN": {
      "IPW": {
        "value": 0.004069846123456955,
        "std": 0.23522767424583435,
        "ci_lower": 0.0037485989325765803,
        "ci_upper": 0.004391093314337329,
        "n": 2059730
      },
      "SNIPW": {
        "value": 0.004252615850418806,
        "std": 1.1933181554013572e-07,
        "ci_lower": 0.004252615687448991,
        "ci_upper": 0.004252616013388621,
        "n": 2059730
      },
      "DM": {
        "value": 0.003279889700934291,
        "std": 0.002010345458984375,
        "ci_lower": 0.003277144199864026,
        "ci_upper": 0.0032826352020045558,
        "n": 2059730
      },
      "DR": {
        "value": 0.004178381524980068,
        "std": 0.2347106784582138,
        "ci_lower": 0.0038578403881173707,
        "ci_upper": 0.004498922661842766,
        "n": 2059730
      }
    },
    "CQL": {
      "IPW": {
        "value": 0.006059393286705017,
        "std": 0.24418659508228302,
        "ci_lower": 0.005725911021183633,
        "ci_upper": 0.006392875552226401,
        "n": 2059730
      },
      "SNIPW": {
        "value": 0.006281830370426178,
        "std": 1.2290472284348652e-07,
        "ci_lower": 0.006281830202576893,
        "ci_upper": 0.006281830538275463,
        "n": 2059730
      },
      "DM": {
        "value": 0.007628078106790781,
        "std": 0.02960539050400257,
        "ci_lower": 0.007587646433243782,
        "ci_upper": 0.00766850978033778,
        "n": 2059730
      },
      "DR": {
        "value": 0.006770007312297821,
        "std": 0.24413074553012848,
        "ci_lower": 0.006436601319739638,
        "ci_upper": 0.007103413304856004,
        "n": 2059730
      }
    },
    "IQL": {
      "IPW": {
        "value": 0.004457475617527962,
        "std": 0.29836905002593994,
        "ci_lower": 0.004049997120477028,
        "ci_upper": 0.004864954114578895,
        "n": 2059730
      },
      "SNIPW": {
        "value": 0.004659940488636494,
        "std": 1.5143800169425958e-07,
        "ci_lower": 0.004659940281819703,
        "ci_upper": 0.004659940695453284,
        "n": 2059730
      },
      "DM": {
        "value": 0.006394618656486273,
        "std": 0.037858378142118454,
        "ci_lower": 0.006342915991532266,
        "ci_upper": 0.006446321321440279,
        "n": 2059730
      },
      "DR": {
        "value": 0.005788059905171394,
        "std": 0.3265315890312195,
        "ci_lower": 0.005342120216968054,
        "ci_upper": 0.006233999593374734,
        "n": 2059730
      }
    },
    "MF-Bandit": {
      "IPW": {
        "value": 0.004660505335777998,
        "std": 0.22778494656085968,
        "ci_lower": 0.004349422575460274,
        "ci_upper": 0.0049715880960957215,
        "n": 2059730
      },
      "SNIPW": {
        "value": 0.004817652050405741,
        "std": 1.1431867363853598e-07,
        "ci_lower": 0.0048176518942823045,
        "ci_upper": 0.004817652206529177,
        "n": 2059730
      },
      "DM": {
        "value": 0.004084878601133823,