{
  "dataset": "obd-all",
  "seed": 4,
  "config": {
    "gcn_embed_dim": 64,
    "gcn_n_layers": 3,
    "gcn_lr": 0.001,
    "gcn_epochs": 100,
    "gcn_batch_size": 16384,
    "gcn_reg": 0.0001,
    "bcq_hidden": 256,
    "bcq_n_hidden": 2,
    "bcq_threshold_ratio": 0.3,
    "bcq_min_actions": 5,
    "bcq_lr": 0.001,
    "bcq_epochs_bc": 30,
    "bcq_epochs_q": 100,
    "bcq_batch_size": 16384,
    "bcq_temperature": 0.1,
    "bcq_hybrid_weight": 1.0,
    "bcq_num_quantiles": 32,
    "bcq_cvar_alpha": 0.1,
    "cate_hidden": 128,
    "cate_epochs": 50,
    "cate_uplift_weight": 0.5,
    "rm_hidden": 128,
    "rm_epochs": 30,
    "ope_clip": 100.0,
    "dqn_epochs": 50,
    "mf_epochs": 30,
    "cql_alpha": 1.0,
    "iql_expectile": 0.7
  },
  "ope_results": {
    "GNN-Bandit": {
      "IPW": {
        "value": 0.005510739516466856,
        "std": 0.3818133473396301,
        "ci_lower": 0.004989302293288337,
        "ci_upper": 0.006032176739645375,
        "n": 2059730
      },
      "SNIPW": {
        "value": 0.006255886983126402,
        "std": 2.104358713950205e-07,
        "ci_lower": 0.006255886695737034,
        "ci_upper": 0.006255887270515769,
        "n": 2059730
      },
      "DM": {
        "value": 0.012162535451352596,
        "std": 0.05548962950706482,
        "ci_lower": 0.012086754029548001,
        "ci_upper": 0.012238316873157191,
        "n": 2059730
      },
      "DR": {
        "value": 0.008331061340868473,
        "std": 0.44941920042037964,
        "ci_lower": 0.00771729573643595,
        "ci_upper": 0.008944826945300995,
        "n": 2059730
      }
    },
    "Random": {
      "IPW": {
        "value": 0.004045878536999226,
        "std": 0.23408794403076172,
        "ci_lower": 0.0037261878599564656,
        "ci_upper": 0.004365569214041985,
        "n": 2059730
      },
      "SNIPW": {
        "value": 0.004227775149047375,
        "std": 1.1875935257421588e-07,
        "ci_lower": 0.004227774986859364,
        "ci_upper": 0.004227775311235385,
        "n": 2059730
      },
      "DM": {
        "value": 0.0032192303333431482,
        "std": 0.0014178785495460033,
        "ci_lower": 0.003217293956160865,
        "ci_upper": 0.0032211667105254316,
        "n": 2059730
      },
      "DR": {
        "value": 0.0041499873623251915,
        "std": 0.23416374623775482,
        "ci_lower": 0.003830193163253669,
        "ci_upper": 0.004469781561396714,
        "n": 2059730
      }
    },
    "BTS": {
      "IPW": {
        "value": 0.004972549621015787,
        "std": 0.06831327825784683,
        "ci_lower": 0.004879255118952958,
        "ci_upper": 0.005065844123078617,
        "n": 2059730
      },
      "SNIPW": {
        "value": 0.005255691707134247,
        "std": 3.5054643632292937e-08,
        "ci_lower": 0.005255691659260603,
        "ci_upper": 0.00525569175500789,
        "n": 2059730
      },
      "DM": {
        "value": 0.0033265806268900633,
        "std": 0.0016746826004236937,
        "ci_lower": 0.003324293535956876,
        "ci_upper": 0.0033288677178232506,
        "n": 2059730
      },
      "DR": {
        "value": 0.00404581893235445,
        "std": 0.06871678680181503,
        "ci_lower": 0.003951973364237587,
        "ci_upper": 0.004139664500471313,
        "n": 2059730
      }
    },
    "LinUCB": {
      "IPW": {
        "value": 0.004213560838252306,
        "std": 0.2857480049133301,
        "ci_lower": 0.0038233187284649013,
        "ci_upper": 0.004603802948039711,
        "n": 2059730
      },
      "SNIPW": {
        "value": 0.004438371863216162,
        "std": 1.4613267751428793e-07,
        "ci_lower": 0.004438371663644779,
        "ci_upper": 0.004438372062787545,
        "n": 2059730
      },
      "DM": {
        "value": 0.004628497175872326,
        "std": 0.01844647526741028,
        "ci_lower": 0.004603305078980245,
        "ci_upper": 0.0046536892727644065,
        "n": 2059730
      },
      "DR": {
        "value": 0.004799238871783018,
        "std": 0.28145140409469604,
        "ci_lower": 0.004414864570482628,
        "ci_upper": 0.005183613173083408,
        "n": 2059730
      }
    },
    "NeuralUCB": {
      "IPW": {
        "value": 0.004372366704046726,
        "std": 0.28992345929145813,
        "ci_lower": 0.003976422233795472,
        "ci_upper": 0.0047683111742979805,
        "n": 2059730
      },
      "SNIPW": {
        "value": 0.004576290491968393,
        "std": 1.473228223858314e-07,
        "ci_lower": 0.0045762902907716466,
        "ci_upper": 0.00457629069316514,
        "n": 2059730
      },
      "DM": {
        "value": 0.006458447780460119,
        "std": 0.03888357803225517,
        "ci_lower": 0.006405345014153867,
        "ci_upper": 0.006511550546766371,
        "n": 2059730
      },
      "DR": {
        "value": 0.005761019419878721,
        "std": 0.32640591263771057,
        "ci_lower": 0.005315251366192894,
        "ci_upper": 0.006206787473564549,
        "n": 2059730
      }
    },
    "DQN": {
      "IPW": {
        "value": 0.00406619580462575,
        "std": 0.23493829369544983,
        "ci_lower": 0.0037453438167724187,
        "ci_upper": 0.0043870477924790804,
        "n": 2059730
      },
      "SNIPW": {
        "value": 0.004248799756169319,
        "std": 1.1918496056750882e-07,
        "ci_lower": 0.004248799593400062,
        "ci_upper": 0.004248799918938576,
        "n": 2059730
      },
      "DM": {
        "value": 0.003280706238001585,
        "std": 0.001959436107426882,
        "ci_lower": 0.003278030263130692,
        "ci_upper": 0.003283382212872478,
        "n": 2059730
      },
      "DR": {
        "value": 0.004181350581347942,
        "std": 0.23483416438102722,
        "ci_lower": 0.0038606408014633543,
        "ci_upper": 0.0045020603612325304,
        "n": 2059730
      }
    },
    "CQL": {
      "IPW": {
        "value": 0.006064003799110651,
        "std": 0.23990751802921295,
        "ci_lower": 0.005736365410111308,
        "ci_upper": 0.006391642188109994,
        "n": 2059730
      },
      "SNIPW": {
        "value": 0.006284260656684637,
        "std": 1.2070583466083917e-07,
        "ci_lower": 0.006284260491838343,
        "ci_upper": 0.006284260821530931,
        "n": 2059730
      },
      "DM": {
        "value": 0.007420754060149193,
        "std": 0.027068058028817177,
        "ci_lower": 0.007383787586573227,
        "ci_upper": 0.007457720533725159,
        "n": 2059730
      },
      "DR": {
        "value": 0.00670827180147171,
        "std": 0.23945103585720062,
        "ci_lower": 0.006381256823879702,
        "ci_upper": 0.007035286779063718,
        "n": 2059730
      }
    },
    "IQL": {
      "IPW": {
        "value": 0.004383485298603773,
        "std": 0.2931620478630066,
        "ci_lower": 0.003983117932601145,
        "ci_upper": 0.004783852664606401,
        "n": 2059730
      },
      "SNIPW": {
        "value": 0.004586746916174889,
        "std": 1.4893018374095846e-07,
        "ci_lower": 0.004586746712782991,
        "ci_upper": 0.0045867471195667866,
        "n": 2059730
      },
      "DM": {
        "value": 0.006423891056329012,
        "std": 0.037570755928754807,
        "ci_lower": 0.006372581193065428,
        "ci_upper": 0.006475200919592596,
        "n": 2059730
      },
      "DR": {
        "value": 0.005789886228740215,
        "std": 0.3228502571582794,
        "ci_lower": 0.005348974084709439,
        "ci_upper": 0.006230798372770991,
        "n": 2059730
      }
    },
    "MF-Bandit": {
      "IPW": {
        "value": 0.0047308155335485935,
        "std": 0.2315039038658142,
        "ci_lower": 0.0044146538445246665,
        "ci_upper": 0.0050469772225725205,
        "n": 2059730
      },
      "SNIPW": {
        "value": 0.004896713886409998,
        "std": 1.1633670027322296e-07,
        "ci_lower": 0.004896713727530571,
        "ci_upper": 0.004896714045289425,
        "n": 2059730
      },
      "DM": {
        "value": 0.00421835808083415,