{
  "dataset": "obd-all",
  "seed": 2,
  "config": {
    "gcn_embed_dim": 64,
    "gcn_n_layers": 3,
    "gcn_lr": 0.001,
    "gcn_epochs": 100,
    "gcn_batch_size": 16384,
    "gcn_reg": 0.0001,
    "bcq_hidden": 256,
    "bcq_n_hidden": 2,
    "bcq_threshold_ratio": 0.3,
    "bcq_min_actions": 5,
    "bcq_lr": 0.001,
    "bcq_epochs_bc": 30,
    "bcq_epochs_q": 100,
    "bcq_batch_size": 16384,
    "bcq_temperature": 0.1,
    "bcq_hybrid_weight": 1.0,
    "bcq_num_quantiles": 32,
    "bcq_cvar_alpha": 0.1,
    "cate_hidden": 128,
    "cate_epochs": 50,
    "cate_uplift_weight": 0.5,
    "rm_hidden": 128,
    "rm_epochs": 30,
    "ope_clip": 100.0,
    "dqn_epochs": 50,
    "mf_epochs": 30,
    "cql_alpha": 1.0,
    "iql_expectile": 0.7
  },
  "ope_results": {
    "GNN-Bandit": {
      "IPW": {
        "value": 0.005840882658958435,
        "std": 0.4089393615722656,
        "ci_lower": 0.005282399812215624,
        "ci_upper": 0.006399365505701246,
        "n": 2059730
      },
      "SNIPW": {
        "value": 0.0065988814458251,
        "std": 2.243057792838954e-07,
        "ci_lower": 0.006598881139493791,
        "ci_upper": 0.006598881752156409,
        "n": 2059730
      },
      "DM": {
        "value": 0.01315325777977705,
        "std": 0.05487294867634773,
        "ci_lower": 0.013078318550478812,
        "ci_upper": 0.013228197009075288,
        "n": 2059730
      },
      "DR": {
        "value": 0.008515579625964165,
        "std": 0.4751552939414978,
        "ci_lower": 0.007866666593515781,
        "ci_upper": 0.009164492658412548,
        "n": 2059730
      }
    },
    "Random": {
      "IPW": {
        "value": 0.004045878536999226,
        "std": 0.23408794403076172,
        "ci_lower": 0.0037261878599564656,
        "ci_upper": 0.004365569214041985,
        "n": 2059730
      },
      "SNIPW": {
        "value": 0.004227775149047375,
        "std": 1.1875935257421588e-07,
        "ci_lower": 0.004227774986859364,
        "ci_upper": 0.004227775311235385,
        "n": 2059730
      },
      "DM": {
        "value": 0.0031614017207175493,
        "std": 0.0014130172785371542,
        "ci_lower": 0.003159471982506045,
        "ci_upper": 0.0031633314589290537,
        "n": 2059730
      },
      "DR": {
        "value": 0.004149680025875568,
        "std": 0.23434288799762726,
        "ci_lower": 0.003829641175372989,
        "ci_upper": 0.004469718876378148,
        "n": 2059730
      }
    },
    "BTS": {
      "IPW": {
        "value": 0.004972549621015787,
        "std": 0.06831327825784683,
        "ci_lower": 0.004879255118952958,
        "ci_upper": 0.005065844123078617,
        "n": 2059730
      },
      "SNIPW": {
        "value": 0.005255691707134247,
        "std": 3.5054643632292937e-08,
        "ci_lower": 0.005255691659260603,
        "ci_upper": 0.00525569175500789,
        "n": 2059730
      },
      "DM": {
        "value": 0.0032741008326411247,
        "std": 0.0016625974094495177,
        "ci_lower": 0.003271830246286594,
        "ci_upper": 0.0032763714189956556,
        "n": 2059730
      },
      "DR": {
        "value": 0.0040458813309669495,
        "std": 0.06869608908891678,
        "ci_lower": 0.003952064029431166,
        "ci_upper": 0.004139698632502733,
        "n": 2059730
      }
    },
    "LinUCB": {
      "IPW": {
        "value": 0.004214250948280096,
        "std": 0.28594306111335754,
        "ci_lower": 0.0038237424529301784,
        "ci_upper": 0.004604759443630014,
        "n": 2059730
      },
      "SNIPW": {
        "value": 0.00443935114890337,
        "std": 1.4624075106439705e-07,
        "ci_lower": 0.0044393509491843924,
        "ci_upper": 0.004439351348622347,
        "n": 2059730
      },
      "DM": {
        "value": 0.0045463405549526215,
        "std": 0.018338199704885483,
        "ci_lower": 0.004521296328503139,
        "ci_upper": 0.004571384781402104,
        "n": 2059730
      },
      "DR": {
        "value": 0.004765449557453394,
        "std": 0.2877957820892334,
        "ci_lower": 0.0043724108266161195,
        "ci_upper": 0.005158488288290668,
        "n": 2059730
      }
    },
    "NeuralUCB": {
      "IPW": {
        "value": 0.004380119498819113,
        "std": 0.2907857894897461,
        "ci_lower": 0.003982997356107764,
        "ci_upper": 0.004777241641530461,
        "n": 2059730
      },
      "SNIPW": {
        "value": 0.0045838444493710995,
        "std": 1.4774295209463162e-07,
        "ci_lower": 0.004583844247600587,
        "ci_upper": 0.004583844651141612,
        "n": 2059730
      },
      "DM": {
        "value": 0.00607939762994647,
        "std": 0.03589273616671562,
        "ci_lower": 0.006030379415131672,
        "ci_upper": 0.006128415844761269,
        "n": 2059730
      },
      "DR": {
        "value": 0.0057142144069075584,
        "std": 0.3081144392490387,
        "ci_lower": 0.005293426766185525,
        "ci_upper": 0.006135002047629592,
        "n": 2059730
      }
    },
    "DQN": {
      "IPW": {
        "value": 0.004064763896167278,
        "std": 0.23470935225486755,
        "ci_lower": 0.0037442245704822023,
        "ci_upper": 0.004385303221852354,
        "n": 2059730
      },
      "SNIPW": {
        "value": 0.004247254226356745,
        "std": 1.1906745100986882e-07,
        "ci_lower": 0.0042472540637479685,
        "ci_upper": 0.004247254388965521,
        "n": 2059730
      },
      "DM": {
        "value": 0.0032226385083049536,
        "std": 0.0019741554278880358,
        "ci_lower": 0.003219942431461089,
        "ci_upper": 0.003225334585148818,
        "n": 2059730
      },
      "DR": {
        "value": 0.004172264598309994,
        "std": 0.2357141375541687,
        "ci_lower": 0.003850353051197854,
        "ci_upper": 0.0044941761454221334,
        "n": 2059730
      }
    },
    "CQL": {
      "IPW": {
        "value": 0.0060441987589001656,
        "std": 0.2445797473192215,
        "ci_lower": 0.005710179570790444,
        "ci_upper": 0.0063782179470098874,
        "n": 2059730
      },
      "SNIPW": {
        "value": 0.006268395110964775,
        "std": 1.231481121521938e-07,
        "ci_lower": 0.006268394942783096,
        "ci_upper": 0.006268395279146454,
        "n": 2059730
      },
      "DM": {
        "value": 0.0075354427099227905,
        "std": 0.02611813321709633,
        "ci_lower": 0.0074997735355625365,
        "ci_upper": 0.0075711118842830445,
        "n": 2059730
      },
      "DR": {
        "value": 0.006643409840762615,
        "std": 0.23726455867290497,
        "ci_lower": 0.006319380904909238,
        "ci_upper": 0.006967438776615992,
        "n": 2059730
      }
    },
    "IQL": {
      "IPW": {
        "value": 0.004395198542624712,
        "std": 0.29200994968414307,
        "ci_lower": 0.003996404581217292,
        "ci_upper": 0.004793992504032132,
        "n": 2059730
      },
      "SNIPW": {
        "value": 0.004597845021635294,
        "std": 1.4830752093075716e-07,
        "ci_lower": 0.0045978448190937575,
        "ci_upper": 0.0045978452241768305,
        "n": 2059730
      },
      "DM": {
        "value": 0.0063565741293132305,
        "std": 0.03860645368695259,
        "ci_lower": 0.006303849827903757,
        "ci_upper": 0.006409298430722704,
        "n": 2059730
      },
      "DR": {
        "value": 0.005747722927480936,
        "std": 0.3205883502960205,
        "ci_lower": 0.0053098998384597945,
        "ci_upper": 0.006185546016502078,
        "n": 2059730
      }
    },
    "MF-Bandit": {
      "IPW": {
        "value": 0.004641594365239143,
        "std": 0.21601536870002747,
        "ci_lower": 0.004346585155101101,
        "ci_upper": 0.0049366035753771855,
        "n": 2059730
      },
      "SNIPW": {
        "value": 0.004812156315892935,
        "std": 1.0872937394879045e-07,
        "ci_lower": 0.0048121561674027286,
        "ci_upper": 0.004812156464383141,
        "n": 2059730
      },
      "DM": {
        "value": 0.004013924393802881,