{
  "dataset": "obd-all",
  "seed": 0,
  "config": {
    "gcn_embed_dim": 64,
    "gcn_n_layers": 3,
    "gcn_lr": 0.001,
    "gcn_epochs": 100,
    "gcn_batch_size": 16384,
    "gcn_reg": 0.0001,
    "bcq_hidden": 256,
    "bcq_n_hidden": 2,
    "bcq_threshold_ratio": 0.3,
    "bcq_min_actions": 5,
    "bcq_lr": 0.001,
    "bcq_epochs_bc": 30,
    "bcq_epochs_q": 100,
    "bcq_batch_size": 16384,
    "bcq_temperature": 0.1,
    "bcq_hybrid_weight": 1.0,
    "bcq_num_quantiles": 32,
    "bcq_cvar_alpha": 0.1,
    "cate_hidden": 128,
    "cate_epochs": 50,
    "cate_uplift_weight": 0.5,
    "rm_hidden": 128,
    "rm_epochs": 30,
    "ope_clip": 100.0,
    "dqn_epochs": 50,
    "mf_epochs": 30,
    "cql_alpha": 1.0,
    "iql_expectile": 0.7
  },
  "ope_results": {
    "GNN-Bandit": {
      "IPW": {
        "value": 0.005791179370135069,
        "std": 0.4128248989582062,
        "ci_lower": 0.005227390098566625,
        "ci_upper": 0.006354968641703513,
        "n": 2059730
      },
      "SNIPW": {
        "value": 0.006511117797344923,
        "std": 2.253430437804127e-07,
        "ci_lower": 0.006511117489597036,
        "ci_upper": 0.00651111810509281,
        "n": 2059730
      },
      "DM": {
        "value": 0.011696739122271538,
        "std": 0.05626087635755539,
        "ci_lower": 0.011619904419278878,
        "ci_upper": 0.011773573825264198,
        "n": 2059730
      },
      "DR": {
        "value": 0.008248998783528805,
        "std": 0.4796364903450012,
        "ci_lower": 0.0075939658429487605,
        "ci_upper": 0.008904031724108849,
        "n": 2059730
      }
    },
    "Random": {
      "IPW": {
        "value": 0.004045878536999226,
        "std": 0.23408794403076172,
        "ci_lower": 0.0037261878599564656,
        "ci_upper": 0.004365569214041985,
        "n": 2059730
      },
      "SNIPW": {
        "value": 0.004227775149047375,
        "std": 1.1875935257421588e-07,
        "ci_lower": 0.004227774986859364,
        "ci_upper": 0.004227775311235385,
        "n": 2059730
      },
      "DM": {
        "value": 0.003007968422025442,
        "std": 0.001435197307728231,
        "ci_lower": 0.0030060083928539387,
        "ci_upper": 0.0030099284511969455,
        "n": 2059730
      },
      "DR": {
        "value": 0.0041399747133255005,
        "std": 0.23460468649864197,
        "ci_lower": 0.0038195783282203395,
        "ci_upper": 0.0044603710984306615,
        "n": 2059730
      }
    },
    "BTS": {
      "IPW": {
        "value": 0.004972549621015787,
        "std": 0.06831327825784683,
        "ci_lower": 0.004879255118952958,
        "ci_upper": 0.005065844123078617,
        "n": 2059730
      },
      "SNIPW": {
        "value": 0.005255691707134247,
        "std": 3.5054643632292937e-08,
        "ci_lower": 0.005255691659260603,
        "ci_upper": 0.00525569175500789,
        "n": 2059730
      },
      "DM": {
        "value": 0.003120244247838855,
        "std": 0.0017725310754030943,
        "ci_lower": 0.0031178235265927386,
        "ci_upper": 0.003122664969084971,
        "n": 2059730
      },
      "DR": {
        "value": 0.004026230424642563,
        "std": 0.06878679245710373,
        "ci_lower": 0.003932289250767665,
        "ci_upper": 0.004120171598517461,
        "n": 2059730
      }
    },
    "LinUCB": {
      "IPW": {
        "value": 0.004211925435811281,
        "std": 0.2855433225631714,
        "ci_lower": 0.0038219628578868774,
        "ci_upper": 0.0046018880137356855,
        "n": 2059730
      },
      "SNIPW": {
        "value": 0.004437252413481474,
        "std": 1.460478529224929e-07,
        "ci_lower": 0.004437252214025935,
        "ci_upper": 0.004437252612937013,
        "n": 2059730
      },
      "DM": {
        "value": 0.004486647434532642,
        "std": 0.019889360293745995,
        "ci_lower": 0.004459484809457771,
        "ci_upper": 0.004513810059607513,
        "n": 2059730
      },
      "DR": {
        "value": 0.004778930451720953,
        "std": 0.28697481751441956,
        "ci_lower": 0.004387012900882234,
        "ci_upper": 0.005170848002559672,
        "n": 2059730
      }
    },
    "NeuralUCB": {
      "IPW": {
        "value": 0.004454908426851034,
        "std": 0.29819560050964355,
        "ci_lower": 0.004047666807412603,
        "ci_upper": 0.004862150046289465,
        "n": 2059730
      },
      "SNIPW": {
        "value": 0.004662241321057081,
        "std": 1.5151194077134278e-07,
        "ci_lower": 0.004662241114139313,
        "ci_upper": 0.00466224152797485,
        "n": 2059730
      },
      "DM": {
        "value": 0.006383911706507206,
        "std": 0.039845921099185944,
        "ci_lower": 0.006329494681545351,
        "ci_upper": 0.006438328731469061,
        "n": 2059730
      },
      "DR": {
        "value": 0.005994226783514023,
        "std": 0.3218165338039398,
        "ci_lower": 0.0055547263812130146,
        "ci_upper": 0.006433727185815031,
        "n": 2059730
      }
    },
    "DQN": {
      "IPW": {
        "value": 0.004068069625645876,
        "std": 0.23490440845489502,
        "ci_lower": 0.0037472639143982865,
        "ci_upper": 0.004388875336893465,
        "n": 2059730
      },
      "SNIPW": {
        "value": 0.004251043777912855,
        "std": 1.1917580167164488e-07,
        "ci_lower": 0.004251043615156106,
        "ci_upper": 0.004251043940669604,
        "n": 2059730
      },
      "DM": {
        "value": 0.0030785303097218275,
        "std": 0.002074088202789426,
        "ci_lower": 0.0030756977560653736,
        "ci_upper": 0.0030813628633782814,
        "n": 2059730
      },
      "DR": {
        "value": 0.0041707600466907024,
        "std": 0.2357945442199707,
        "ci_lower": 0.0038487386893039013,
        "ci_upper": 0.004492781404077504,
        "n": 2059730
      }
    },
    "CQL": {
      "IPW": {
        "value": 0.005987174343317747,
        "std": 0.22594118118286133,
        "ci_lower": 0.005678609587950859,
        "ci_upper": 0.006295739098684635,
        "n": 2059730
      },
      "SNIPW": {
        "value": 0.0062174140475690365,
        "std": 1.139129324201349e-07,
        "ci_lower": 0.006217413891999715,
        "ci_upper": 0.006217414203138358,
        "n": 2059730
      },
      "DM": {
        "value": 0.007299026008695364,
        "std": 0.02865210734307766,
        "ci_lower": 0.007259896220815273,
        "ci_upper": 0.007338155796575455,
        "n": 2059730
      },
      "DR": {
        "value": 0.0067467656917870045,
        "std": 0.23559442162513733,
        "ci_lower": 0.006425017639068237,
        "ci_upper": 0.007068513744505772,
        "n": 2059730
      }
    },
    "IQL": {
      "IPW": {
        "value": 0.00439066719263792,
        "std": 0.2918861508369446,
        "ci_lower": 0.003992042301608908,
        "ci_upper": 0.0047892920836669324,
        "n": 2059730
      },
      "SNIPW": {
        "value": 0.004591746721416712,
        "std": 1.482008116227007e-07,
        "ci_lower": 0.004591746519020907,
        "ci_upper": 0.004591746923812517,
        "n": 2059730
      },
      "DM": {
        "value": 0.005927999038249254,
        "std": 0.03679689019918442,
        "ci_lower": 0.005877746032740779,
        "ci_upper": 0.005978252043757729,
        "n": 2059730
      },
      "DR": {
        "value": 0.00555692333728075,
        "std": 0.31636732816696167,
        "ci_lower": 0.005124864839972516,
        "ci_upper": 0.005988981834588985,
        "n": 2059730
      }
    },
    "MF-Bandit": {
      "IPW": {
        "value": 0.0046722437255084515,
        "std": 0.2288658767938614,
        "ci_lower": 0.004359684753677764,
        "ci_upper": 0.004984802697339139,
        "n": 2059730
      },
      "SNIPW": {
        "value": 0.0048398603685200214,
        "std": 1.151007396060777e-07,
        "ci_lower": 0.004839860211328529,
        "ci_upper": 0.004839860525711514,
        "n": 2059730
      },
      "DM": {
        "value": 0.0039166794158518314,