{
  "dataset": "obd-all",
  "seed": 1,
  "config": {
    "gcn_embed_dim": 64,
    "gcn_n_layers": 3,
    "gcn_lr": 0.001,
    "gcn_epochs": 100,
    "gcn_batch_size": 16384,
    "gcn_reg": 0.0001,
    "bcq_hidden": 256,
    "bcq_n_hidden": 2,
    "bcq_threshold_ratio": 0.3,
    "bcq_min_actions": 5,
    "bcq_lr": 0.001,
    "bcq_epochs_bc": 30,
    "bcq_epochs_q": 100,
    "bcq_batch_size": 16384,
    "bcq_temperature": 0.1,
    "bcq_hybrid_weight": 1.0,
    "bcq_num_quantiles": 32,
    "bcq_cvar_alpha": 0.1,
    "cate_hidden": 128,
    "cate_epochs": 50,
    "cate_uplift_weight": 0.5,
    "rm_hidden": 128,
    "rm_epochs": 30,
    "ope_clip": 100.0,
    "dqn_epochs": 50,
    "mf_epochs": 30,
    "cql_alpha": 1.0,
    "iql_expectile": 0.7
  },
  "ope_results": {
    "GNN-Bandit": {
      "IPW": {
        "value": 0.005914549343287945,
        "std": 0.41528451442718506,
        "ci_lower": 0.00534740100879211,
        "ci_upper": 0.006481697677783779,
        "n": 2059730
      },
      "SNIPW": {
        "value": 0.0066833957098424435,
        "std": 2.2783002862070134e-07,
        "ci_lower": 0.006683395398698115,
        "ci_upper": 0.006683396020986772,
        "n": 2059730
      },
      "DM": {
        "value": 0.011333812959492207,
        "std": 0.050883691757917404,
        "ci_lower": 0.01126432180335481,
        "ci_upper": 0.011403304115629603,
        "n": 2059730
      },
      "DR": {
        "value": 0.00843951664865017,
        "std": 0.45906659960746765,
        "ci_lower": 0.007812575724187426,
        "ci_upper": 0.009066457573112913,
        "n": 2059730
      }
    },
    "Random": {
      "IPW": {
        "value": 0.004045878536999226,
        "std": 0.23408794403076172,
        "ci_lower": 0.0037261878599564656,
        "ci_upper": 0.004365569214041985,
        "n": 2059730
      },
      "SNIPW": {
        "value": 0.004227775149047375,
        "std": 1.1875935257421588e-07,
        "ci_lower": 0.004227774986859364,
        "ci_upper": 0.004227775311235385,
        "n": 2059730
      },
      "DM": {
        "value": 0.0028071939013898373,
        "std": 0.0014195333933457732,
        "ci_lower": 0.002805255264210197,
        "ci_upper": 0.0028091325385694774,
        "n": 2059730
      },
      "DR": {
        "value": 0.004133694805204868,
        "std": 0.23449696600437164,
        "ci_lower": 0.003813445532493245,
        "ci_upper": 0.0044539440779164914,
        "n": 2059730
      }
    },
    "BTS": {
      "IPW": {
        "value": 0.004972549621015787,
        "std": 0.06831327825784683,
        "ci_lower": 0.004879255118952958,
        "ci_upper": 0.005065844123078617,
        "n": 2059730
      },
      "SNIPW": {
        "value": 0.005255691707134247,
        "std": 3.5054643632292937e-08,
        "ci_lower": 0.005255691659260603,
        "ci_upper": 0.00525569175500789,
        "n": 2059730
      },
      "DM": {
        "value": 0.002915471326559782,
        "std": 0.0016744898166507483,
        "ci_lower": 0.002913184498908735,
        "ci_upper": 0.002917758154210829,
        "n": 2059730
      },
      "DR": {
        "value": 0.0040448009967803955,
        "std": 0.06865817308425903,
        "ci_lower": 0.0039510354766093035,
        "ci_upper": 0.0041385665169514875,
        "n": 2059730
      }
    },
    "LinUCB": {
      "IPW": {
        "value": 0.004213089123368263,
        "std": 0.2859458923339844,
        "ci_lower": 0.0038225767614593785,
        "ci_upper": 0.004603601485277148,
        "n": 2059730
      },
      "SNIPW": {
        "value": 0.0044379509054124355,
        "std": 1.4623637412114476e-07,
        "ci_lower": 0.004437950705699436,
        "ci_upper": 0.004437951105125435,
        "n": 2059730
      },
      "DM": {
        "value": 0.0040926034562289715,
        "std": 0.017366526648402214,
        "ci_lower": 0.004068886230273161,
        "ci_upper": 0.004116320682184782,
        "n": 2059730
      },
      "DR": {
        "value": 0.004777139984071255,
        "std": 0.27728432416915894,
        "ci_lower": 0.004398456606360296,
        "ci_upper": 0.005155823361782213,
        "n": 2059730
      }
    },
    "NeuralUCB": {
      "IPW": {
        "value": 0.004506912548094988,
        "std": 0.3024453818798065,
        "ci_lower": 0.004093867060844669,
        "ci_upper": 0.004919958035345307,
        "n": 2059730
      },
      "SNIPW": {
        "value": 0.004715642426162958,
        "std": 1.5363791305844643e-07,
        "ci_lower": 0.004715642216341779,
        "ci_upper": 0.004715642635984138,
        "n": 2059730
      },
      "DM": {
        "value": 0.005961263086646795,
        "std": 0.03776088356971741,
        "ci_lower": 0.005909693568685847,
        "ci_upper": 0.006012832604607743,
        "n": 2059730
      },
      "DR": {
        "value": 0.005890590138733387,
        "std": 0.321076363325119,
        "ci_lower": 0.005452100577048203,
        "ci_upper": 0.006329079700418571,
        "n": 2059730
      }
    },
    "DQN": {
      "IPW": {
        "value": 0.004065558779984713,
        "std": 0.234773188829422,
        "ci_lower": 0.0037449322735700866,
        "ci_upper": 0.004386185286399338,
        "n": 2059730
      },
      "SNIPW": {
        "value": 0.004248257726430893,
        "std": 1.1910468344922265e-07,
        "ci_lower": 0.004248257563771269,
        "ci_upper": 0.0042482578890905166,
        "n": 2059730
      },
      "DM": {
        "value": 0.002869317075237632,
        "std": 0.0019923646468669176,
        "ci_lower": 0.002866596130314517,
        "ci_upper": 0.0028720380201607467,
        "n": 2059730
      },
      "DR": {
        "value": 0.004168345592916012,
        "std": 0.23515750467777252,
        "ci_lower": 0.003847194231647087,
        "ci_upper": 0.004489496954184937,
        "n": 2059730
      }
    },
    "CQL": {
      "IPW": {
        "value": 0.006076812744140625,
        "std": 0.24537266790866852,
        "ci_lower": 0.00574171067531643,
        "ci_upper": 0.00641191481296482,
        "n": 2059730
      },
      "SNIPW": {
        "value": 0.006300804670900106,
        "std": 1.2351965494872275e-07,
        "ci_lower": 0.006300804502211017,
        "ci_upper": 0.006300804839589196,
        "n": 2059730
      },
      "DM": {
        "value": 0.007178002968430519,
        "std": 0.02647457644343376,
        "ci_lower": 0.00714184700447148,
        "ci_upper": 0.007214158932389558,
        "n": 2059730
      },
      "DR": {
        "value": 0.0066618844866752625,
        "std": 0.23957166075706482,
        "ci_lower": 0.0063347047733209524,
        "ci_upper": 0.0069890642000295725,
        "n": 2059730
      }
    },
    "IQL": {
      "IPW": {
        "value": 0.004358529578894377,
        "std": 0.28907257318496704,
        "ci_lower": 0.003963747152064866,
        "ci_upper": 0.0047533120057238875,
        "n": 2059730
      },
      "SNIPW": {
        "value": 0.004560935311019421,
        "std": 1.468623480604947e-07,
        "ci_lower": 0.004560935110451537,
        "ci_upper": 0.004560935511587304,
        "n": 2059730
      },
      "DM": {
        "value": 0.00589870335534215,
        "std": 0.03693344444036484,
        "ci_lower": 0.0058482638595896055,
        "ci_upper": 0.005949142851094694,
        "n": 2059730
      },
      "DR": {
        "value": 0.005757416598498821,
        "std": 0.31064045429229736,
        "ci_lower": 0.005333179213866468,
        "ci_upper": 0.006181653983131174,
        "n": 2059730
      }
    },
    "MF-Bandit": {
      "IPW": {
        "value": 0.004729792941361666,
        "std": 0.2269774228334427,
        "ci_lower": 0.0044198130050625605,
        "ci_upper": 0.005039772877660771,
        "n": 2059730
      },
      "SNIPW": {
        "value": 0.004887848626822233,
        "std": 1.1388013376745221e-07,
        "ci_lower": 0.004887848471297705,
        "ci_upper": 0.004887848782346761,
        "n": 2059730
      },
      "DM": {
        "value": 0.003711281344294548,