{
  "embed_dim": {
    "16": {
      "DR_value": 0.008266585879027843,
      "DR_ci_lower": 0.007634788068095151,
      "DR_ci_upper": 0.008898383689960536
    },
    "32": {
      "DR_value": 0.00826182495802641,
      "DR_ci_lower": 0.007637454277761174,
      "DR_ci_upper": 0.008886195638291643
    },
    "64": {
      "DR_value": 0.0087320851162076,
      "DR_ci_lower": 0.0080892886951406,
      "DR_ci_upper": 0.0093748815372746
    },
    "128": {
      "DR_value": 0.008817620575428009,
      "DR_ci_lower": 0.00817504186198116,
      "DR_ci_upper": 0.009460199288874859
    }
  },
  "n_layers": {
    "1": {
      "DR_value": 0.008617935702204704,
      "DR_ci_lower": 0.00799491392191087,
      "DR_ci_upper": 0.009240957482498539
    },
    "2": {
      "DR_value": 0.008713875897228718,
      "DR_ci_lower": 0.008054159210619204,
      "DR_ci_upper": 0.009373592583838231
    },
    "3": {
      "DR_value": 0.00859131757169962,
      "DR_ci_lower": 0.0079616779111798,
      "DR_ci_upper": 0.009220957232219438
    },
    "4": {
      "DR_value": 0.00861587654799223,
      "DR_ci_lower": 0.007987012559901802,
      "DR_ci_upper": 0.009244740536082657
    }
  },
  "bcq_threshold_ratio": {
    "0.1": {
      "DR_value": 0.00902744010090828,
      "DR_ci_lower": 0.008357068276702587,
      "DR_ci_upper": 0.009697811925113972
    },
    "0.3": {
      "DR_value": 0.00871159415692091,
      "DR_ci_lower": 0.00806832825419408,
      "DR_ci_upper": 0.00935486005964774
    },
    "0.5": {
      "DR_value": 0.008311256766319275,
      "DR_ci_lower": 0.00766104090700213,
      "DR_ci_upper": 0.00896147262563642
    },
    "1.0": {
      "DR_value": 0.00787233468145132,
      "DR_ci_lower": 0.007258504078127533,
      "DR_ci_upper": 0.008486165284775108
    },
    "2.0": {
      "DR_value": 0.007904513739049435,
      "DR_ci_lower": 0.007268117246384545,
      "DR_ci_upper": 0.008540910231714325
    }
  },
  "cvar_alpha": {
    "0.05": {
      "DR_value": 0.007690676022320986,
      "DR_ci_lower": 0.007102977985131905,
      "DR_ci_upper": 0.008278374059510067
    },
    "0.1": {
      "DR_value": 0.008409827947616577,
      "DR_ci_lower": 0.007772442185664836,
      "DR_ci_upper": 0.00904721370956832
    },
    "0.25": {
      "DR_value": 0.008890425786376,
      "DR_ci_lower": 0.008229728784616188,
      "DR_ci_upper": 0.00955112278813581
    },
    "0.5": {
      "DR_value": 0.009186703711748123,
      "DR_ci_lower": 0.008535314168631713,
      "DR_ci_upper": 0.009838093254864533
    },
    "1.0": {
      "DR_value": 0.01055415440350771,
      "DR_ci_lower": 0.00971374014796987,
      "DR_ci_upper": 0.01139456865904555
    }
  }
}