{
  "embed_dim": {
    "16": {
      "DR_value": 0.008451433852314949,
      "DR_ci_lower": 0.00781616464474172,
      "DR_ci_upper": 0.009086703059888178
    },
    "32": {
      "DR_value": 0.008306268602609634,
      "DR_ci_lower": 0.007671834815976993,
      "DR_ci_upper": 0.008940702389242276
    },
    "64": {
      "DR_value": 0.008395181968808174,
      "DR_ci_lower": 0.007767509043682053,
      "DR_ci_upper": 0.009022854893934295
    },
    "128": {
      "DR_value": 0.008564784191548824,
      "DR_ci_lower": 0.007952779377369233,
      "DR_ci_upper": 0.009176789005728415
    }
  },
  "n_layers": {
    "1": {
      "DR_value": 0.008952106349170208,
      "DR_ci_lower": 0.008294595839706,
      "DR_ci_upper": 0.009609616858634417
    },
    "2": {
      "DR_value": 0.008501500822603703,
      "DR_ci_lower": 0.00784134888355637,
      "DR_ci_upper": 0.009161652761651035
    },
    "3": {
      "DR_value": 0.008649801835417747,
      "DR_ci_lower": 0.008026526286753818,
      "DR_ci_upper": 0.009273077384081677
    },
    "4": {
      "DR_value": 0.008473514579236507,
      "DR_ci_lower": 0.007846758435591763,
      "DR_ci_upper": 0.009100270722881252
    }
  },
  "bcq_threshold_ratio": {
    "0.1": {
      "DR_value": 0.008375020697712898,
      "DR_ci_lower": 0.007740178521052105,
      "DR_ci_upper": 0.009009862874373692
    },
    "0.3": {
      "DR_value": 0.008374307304620743,
      "DR_ci_lower": 0.007748228826310734,
      "DR_ci_upper": 0.009000385782930751
    },
    "0.5": {
      "DR_value": 0.008046134375035763,
      "DR_ci_lower": 0.007443338401895605,
      "DR_ci_upper": 0.00864893034817592
    },
    "1.0": {
      "DR_value": 0.007685723248869181,
      "DR_ci_lower": 0.007060069807141192,
      "DR_ci_upper": 0.008311376690597169
    },
    "2.0": {
      "DR_value": 0.007442279253154993,
      "DR_ci_lower": 0.0068514285051854956,
      "DR_ci_upper": 0.00803313000112449
    }
  },
  "cvar_alpha": {
    "0.05": {
      "DR_value": 0.007618383038789034,
      "DR_ci_lower": 0.007044377219513126,
      "DR_ci_upper": 0.008192388858064942
    },
    "0.1": {
      "DR_value": 0.008392548188567162,
      "DR_ci_lower": 0.007746154768744132,
      "DR_ci_upper": 0.009038941608390192
    },
    "0.25": {
      "DR_value": 0.00859170313924551,
      "DR_ci_lower": 0.007929440343906564,
      "DR_ci_upper": 0.009253965934584456
    },
    "0.5": {
      "DR_value": 0.008935058489441872,
      "DR_ci_lower": 0.00825312842156718,
      "DR_ci_upper": 0.009616988557316563
    },
    "1.0": {
      "DR_value": 0.009834869764745235,
      "DR_ci_lower": 0.009066124662397836,
      "DR_ci_upper": 0.010603614867092635
    }
  }
}