{
  "embed_dim": {
    "16": {
      "DR_value": 0.008691726252436638,
      "DR_ci_lower": 0.008000578918494029,
      "DR_ci_upper": 0.009382873586379247
    },
    "32": {
      "DR_value": 0.008578142151236534,
      "DR_ci_lower": 0.007964680499039435,
      "DR_ci_upper": 0.009191603803433633
    },
    "64": {
      "DR_value": 0.008509094826877117,
      "DR_ci_lower": 0.007863250661930499,
      "DR_ci_upper": 0.009154938991823736
    },
    "128": {
      "DR_value": 0.008493106812238693,
      "DR_ci_lower": 0.00785666738041896,
      "DR_ci_upper": 0.009129546244058427
    }
  },
  "n_layers": {
    "1": {
      "DR_value": 0.008247338235378265,
      "DR_ci_lower": 0.007645135310982398,
      "DR_ci_upper": 0.008849541159774132
    },
    "2": {
      "DR_value": 0.00831309612840414,
      "DR_ci_lower": 0.007692445281368224,
      "DR_ci_upper": 0.008933746975440058
    },
    "3": {
      "DR_value": 0.008771655149757862,
      "DR_ci_lower": 0.008082011459546571,
      "DR_ci_upper": 0.009461298839969153
    },
    "4": {
      "DR_value": 0.008279254660010338,
      "DR_ci_lower": 0.00760976778940063,
      "DR_ci_upper": 0.008948741530620046
    }
  },
  "bcq_threshold_ratio": {
    "0.1": {
      "DR_value": 0.008689934387803078,
      "DR_ci_lower": 0.00804044597067979,
      "DR_ci_upper": 0.009339422804926365
    },
    "0.3": {
      "DR_value": 0.008539531379938126,
      "DR_ci_lower": 0.007924592132406958,
      "DR_ci_upper": 0.009154470627469293
    },
    "0.5": {
      "DR_value": 0.007940331473946571,
      "DR_ci_lower": 0.007350004420863683,
      "DR_ci_upper": 0.00853065852702946
    },
    "1.0": {
      "DR_value": 0.008182665333151817,
      "DR_ci_lower": 0.007505008504846167,
      "DR_ci_upper": 0.008860322161457468
    },
    "2.0": {
      "DR_value": 0.007495108526200056,
      "DR_ci_lower": 0.0068743989481684625,
      "DR_ci_upper": 0.00811581810423165
    }
  },
  "cvar_alpha": {
    "0.05": {
      "DR_value": 0.007890958338975906,
      "DR_ci_lower": 0.007267462884858309,
      "DR_ci_upper": 0.008514453793093504
    },
    "0.1": {
      "DR_value": 0.008480810560286045,
      "DR_ci_lower": 0.007775254311200271,
      "DR_ci_upper": 0.00918636680937182
    },
    "0.25": {
      "DR_value": 0.009378654882311821,
      "DR_ci_lower": 0.008625020292407297,
      "DR_ci_upper": 0.010132289472216345
    },
    "0.5": {
      "DR_value": 0.009132619015872478,
      "DR_ci_lower": 0.008447465825143552,
      "DR_ci_upper": 0.009817772206601405
    },
    "1.0": {
      "DR_value": 0.00995637010782957,
      "DR_ci_lower": 0.009212474362447298,
      "DR_ci_upper": 0.010700265853211844
    }
  }
}