{
  "embed_dim": {
    "16": {
      "DR_value": 0.008430412970483303,
      "DR_ci_lower": 0.007829430779804235,
      "DR_ci_upper": 0.009031395161162371
    },
    "32": {
      "DR_value": 0.00822154525667429,
      "DR_ci_lower": 0.0076094148810798255,
      "DR_ci_upper": 0.008833675632268754
    },
    "64": {
      "DR_value": 0.00828544981777668,
      "DR_ci_lower": 0.007670001283378633,
      "DR_ci_upper": 0.008900898352174726
    },
    "128": {
      "DR_value": 0.008626783266663551,
      "DR_ci_lower": 0.00799283691066447,
      "DR_ci_upper": 0.009260729622662632
    }
  },
  "n_layers": {
    "1": {
      "DR_value": 0.008651365526020527,
      "DR_ci_lower": 0.008056717613642373,
      "DR_ci_upper": 0.009246013438398681
    },
    "2": {
      "DR_value": 0.008524569682776928,
      "DR_ci_lower": 0.007931568191907525,
      "DR_ci_upper": 0.009117571173646331
    },
    "3": {
      "DR_value": 0.008193813264369965,
      "DR_ci_lower": 0.007566101225947346,
      "DR_ci_upper": 0.008821525302792583
    },
    "4": {
      "DR_value": 0.0080830417573452,
      "DR_ci_lower": 0.007475537902707494,
      "DR_ci_upper": 0.008690545611982904
    }
  },
  "bcq_threshold_ratio": {
    "0.1": {
      "DR_value": 0.008462746627628803,
      "DR_ci_lower": 0.007862507263978219,
      "DR_ci_upper": 0.009062985991279388
    },
    "0.3": {
      "DR_value": 0.00820351205766201,
      "DR_ci_lower": 0.007580577865103932,
      "DR_ci_upper": 0.00882644625022009
    },
    "0.5": {
      "DR_value": 0.008131943643093109,
      "DR_ci_lower": 0.007508463736612621,
      "DR_ci_upper": 0.008755423549573598
    },
    "1.0": {
      "DR_value": 0.0077919685281813145,
      "DR_ci_lower": 0.007188797051114535,
      "DR_ci_upper": 0.008395140005248094
    },
    "2.0": {
      "DR_value": 0.007539400365203619,
      "DR_ci_lower": 0.0069243002281188055,
      "DR_ci_upper": 0.008154500502288432
    }
  },
  "cvar_alpha": {
    "0.05": {
      "DR_value": 0.007505497895181179,
      "DR_ci_lower": 0.0069309866962979794,
      "DR_ci_upper": 0.008080009094064379
    },
    "0.1": {
      "DR_value": 0.008258341811597347,
      "DR_ci_lower": 0.007653144949542433,
      "DR_ci_upper": 0.008863538673652261
    },
    "0.25": {
      "DR_value": 0.008357392624020576,
      "DR_ci_lower": 0.007735663169835361,
      "DR_ci_upper": 0.008979122078205792
    },
    "0.5": {
      "DR_value": 0.008758663199841976,
      "DR_ci_lower": 0.008117416495608933,
      "DR_ci_upper": 0.00939990990407502
    },
    "1.0": {
      "DR_value": 0.009416722692549229,
      "DR_ci_lower": 0.00871053216499039,
      "DR_ci_upper": 0.010122913220108068
    }
  }
}