{
  "embed_dim": {
    "16": {
      "DR_value": 0.008240586146712303,
      "DR_ci_lower": 0.007610510663945976,
      "DR_ci_upper": 0.008870661629478629
    },
    "32": {
      "DR_value": 0.008962074294686317,
      "DR_ci_lower": 0.008293645843718039,
      "DR_ci_upper": 0.009630502745654596
    },
    "64": {
      "DR_value": 0.008364755660295486,
      "DR_ci_lower": 0.007727156586390631,
      "DR_ci_upper": 0.009002354734200342
    },
    "128": {
      "DR_value": 0.008522823452949524,
      "DR_ci_lower": 0.007865570497013134,
      "DR_ci_upper": 0.009180076408885914
    }
  },
  "n_layers": {
    "1": {
      "DR_value": 0.008492185734212399,
      "DR_ci_lower": 0.007879992842464531,
      "DR_ci_upper": 0.009104378625960266
    },
    "2": {
      "DR_value": 0.008755022659897804,
      "DR_ci_lower": 0.008099583649224988,
      "DR_ci_upper": 0.00941046167057062
    },
    "3": {
      "DR_value": 0.008636213839054108,
      "DR_ci_lower": 0.007962706642532418,
      "DR_ci_upper": 0.009309721035575797
    },
    "4": {
      "DR_value": 0.008283250033855438,
      "DR_ci_lower": 0.007646315031278003,
      "DR_ci_upper": 0.008920185036432873
    }
  },
  "bcq_threshold_ratio": {
    "0.1": {
      "DR_value": 0.008675765246152878,
      "DR_ci_lower": 0.008021131822865672,
      "DR_ci_upper": 0.009330398669440083
    },
    "0.3": {
      "DR_value": 0.00850068498402834,
      "DR_ci_lower": 0.007855793457809937,
      "DR_ci_upper": 0.009145576510246741
    },
    "0.5": {
      "DR_value": 0.008242438547313213,
      "DR_ci_lower": 0.007626906210337136,
      "DR_ci_upper": 0.00885797088428929
    },
    "1.0": {
      "DR_value": 0.00791318528354168,
      "DR_ci_lower": 0.00728732964113003,
      "DR_ci_upper": 0.008539040925953329
    },
    "2.0": {
      "DR_value": 0.007460461463779211,
      "DR_ci_lower": 0.0068398714234706275,
      "DR_ci_upper": 0.008081051504087795
    }
  },
  "cvar_alpha": {
    "0.05": {
      "DR_value": 0.007495284080505371,
      "DR_ci_lower": 0.00693344042070848,
      "DR_ci_upper": 0.008057127740302263
    },
    "0.1": {
      "DR_value": 0.008605798706412315,
      "DR_ci_lower": 0.00796862120953672,
      "DR_ci_upper": 0.00924297620328791
    },
    "0.25": {
      "DR_value": 0.009257557801902294,
      "DR_ci_lower": 0.008584953874255907,
      "DR_ci_upper": 0.009930161729548682
    },
    "0.5": {
      "DR_value": 0.009208681993186474,
      "DR_ci_lower": 0.008507240495452716,
      "DR_ci_upper": 0.009910123490920231
    },
    "1.0": {
      "DR_value": 0.01020078081637621,
      "DR_ci_lower": 0.009405681492313744,
      "DR_ci_upper": 0.010995880140438674
    }
  }
}