{
  "GNN-Bandit": {
    "IPW": {
      "value": 0.011320564895868301,
      "ci_lower": 0.010448565478528985,
      "ci_upper": 0.012192564313207617
    },
    "SNIPW": {
      "value": 0.011242873966693878,
      "ci_lower": 0.011242869850633068,
      "ci_upper": 0.011242878082754688
    },
    "DM": {
      "value": 0.011972893960773945,
      "ci_lower": 0.01195439501948423,
      "ci_upper": 0.01199139290206366
    },
    "DR": {
      "value": 0.011248438619077206,
      "ci_lower": 0.010357364659795648,
      "ci_upper": 0.012139512578358764
    }
  },
  "Random": {
    "IPW": {
      "value": 0.0066703143529593945,
      "ci_lower": 0.005645911910881039,
      "ci_upper": 0.00769471679503775
    },
    "SNIPW": {
      "value": 0.0069788433611392975,
      "ci_lower": 0.006978838267078885,
      "ci_upper": 0.00697884845519971
    },
    "DM": {
      "value": 0.006847538519650698,
      "ci_lower": 0.006842970359155523,
      "ci_upper": 0.006852106680145872
    },
    "DR": {
      "value": 0.006907309405505657,
      "ci_lower": 0.005886389486758963,
      "ci_upper": 0.007928229324252353
    }
  },
  "BTS": {
    "IPW": {
      "value": 0.008423038758337498,
      "ci_lower": 0.008053018521307758,
      "ci_upper": 0.008793058995367238
    },
    "SNIPW": {
      "value": 0.009319711476564407,
      "ci_lower": 0.009319709530687148,
      "ci_upper": 0.009319713422441667
    },
    "DM": {
      "value": 0.007276738528162241,
      "ci_lower": 0.007270618407897259,
      "ci_upper": 0.007282858648427223
    },
    "DR": {
      "value": 0.007699149195104837,
      "ci_lower": 0.007329140673881092,
      "ci_upper": 0.008069157716328584
    }
  },
  "LinUCB": {
    "IPW": {
      "value": 0.006598138250410557,
      "ci_lower": 0.0055694336879638425,
      "ci_upper": 0.007626842812857271
    },
    "SNIPW": {
      "value": 0.006910982541739941,
      "ci_lower": 0.006910977420614969,
      "ci_upper": 0.006910987662864913
    },
    "DM": {
      "value": 0.006806822493672371,
      "ci_lower": 0.006802299234978658,
      "ci_upper": 0.006811345752366083
    },
    "DR": {
      "value": 0.00684032216668129,
      "ci_lower": 0.005815071538452697,
      "ci_upper": 0.007865572794909882
    }
  },
  "NeuralUCB": {
    "IPW": {
      "value": 0.0067507363855838776,
      "ci_lower": 0.005717049103582566,
      "ci_upper": 0.007784423667585189
    },
    "SNIPW": {
      "value": 0.007057865150272846,
      "ci_lower": 0.007057860013768395,
      "ci_upper": 0.007057870286777297
    },
    "DM": {
      "value": 0.0068972292356193066,
      "ci_lower": 0.006892618102908754,
      "ci_upper": 0.006901840368329859
    },
    "DR": {
      "value": 0.0069845737889409065,
      "ci_lower": 0.005954459955113426,
      "ci_upper": 0.008014687622768387
    }
  },
  "DQN": {
    "IPW": {
      "value": 0.0066761719062924385,
      "ci_lower": 0.005651234484855605,
      "ci_upper": 0.007701109327729272
    },
    "SNIPW": {
      "value": 0.006984652020037174,
      "ci_lower": 0.006984646923549778,
      "ci_upper": 0.00698465711652457
    },
    "DM": {
      "value": 0.0068532489240169525,
      "ci_lower": 0.006848675473202622,
      "ci_upper": 0.006857822374831283
    },
    "DR": {
      "value": 0.006913057528436184,
      "ci_lower": 0.005891607023758259,
      "ci_upper": 0.007934508033114109
    }
  },
  "CQL": {
    "IPW": {
      "value": 0.010706787928938866,
      "ci_lower": 0.009661938221758374,
      "ci_upper": 0.011751637636119357
    },
    "SNIPW": {
      "value": 0.010574743151664734,
      "ci_lower": 0.01057473824687067,
      "ci_upper": 0.010574748056458798
    },
    "DM": {
      "value": 0.009927453473210335,
      "ci_lower": 0.009918616932992562,
      "ci_upper": 0.009936290013428108
    },
    "DR": {
      "value": 0.010589789599180222,
      "ci_lower": 0.009550215252012738,
      "ci_upper": 0.011629363946347705
    }
  },
  "IQL": {
    "IPW": {
      "value": 0.006727837957441807,
      "ci_lower": 0.005686996584059806,
      "ci_upper": 0.007768679330823807
    },
    "SNIPW": {
      "value": 0.007035114802420139,
      "ci_lower": 0.00703510962949053,
      "ci_upper": 0.007035119975349748
    },
    "DM": {
      "value": 0.006885376293212175,
      "ci_lower": 0.0068807832122544975,
      "ci_upper": 0.006889969374169853
    },
    "DR": {
      "value": 0.006963070016354322,
      "ci_lower": 0.005925946819553891,
      "ci_upper": 0.008000193213154753
    }
  },
  "MF-Bandit": {
    "IPW": {
      "value": 0.00832284800708294,
      "ci_lower": 0.007087329415256136,
      "ci_upper": 0.009558366598909742
    },
    "SNIPW": {
      "value": 0.00859957654029131,
      "ci_lower": 0.008599570472777759,
      "ci_upper": 0.00859958260780486
    },
    "DM": {
      "value": 0.008036146871745586,
      "ci_lower": 0.008030422616089234,
      "ci_upper": 0.008041871127401939
    },
    "DR": {
      "value": 0.008524828590452671,
      "ci_lower": 0.007293256315060023,
      "ci_upper": 0.00975640086584532
    }
  },
  "Greedy-GNN": {
    "IPW": {
      "value": 0.011142653413116932,
      "ci_lower": 0.010194639681612563,
      "ci_upper": 0.0120906671446213
    },
    "SNIPW": {
      "value": 0.011045302264392376,
      "ci_lower": 0.011045297797968106,
      "ci_upper": 0.011045306730816646
    },
    "DM": {
      "value": 0.009735750034451485,
      "ci_lower": 0.009728078896078582,
      "ci_upper": 0.009743421172824387
    },
    "DR": {
      "value": 0.011069230735301971,
      "ci_lower": 0.01012567766958403,
      "ci_upper": 0.012012783801019913
    }
  },
  "Uplift-Only": {
    "IPW": {
      "value": 0.006670740898698568,
      "ci_lower": 0.00564634049415169,
      "ci_upper": 0.007695141303245447
    },
    "SNIPW": {
      "value": 0.006979404482990503,
      "ci_lower": 0.0069793993888567375,
      "ci_upper": 0.006979409577124269
    },
    "DM": {
      "value": 0.006847562734037638,
      "ci_lower": 0.00684299508740233,
      "ci_upper": 0.006852130380672945
    },
    "DR": {
      "value": 0.006907902657985687,
      "ci_lower": 0.005886985477171916,
      "ci_upper": 0.007928819838799459
    }
  }
}