{
  "GNN-Bandit": {
    "IPW": {
      "value": 0.011876566335558891,
      "ci_lower": 0.009100066507908683,
      "ci_upper": 0.0146530661632091
    },
    "SNIPW": {
      "value": 0.011727221310138702,
      "ci_lower": 0.011727208279724658,
      "ci_upper": 0.011727234340552747
    },
    "DM": {
      "value": 0.009086491540074348,
      "ci_lower": 0.009080030486472325,
      "ci_upper": 0.009092952593676372
    },
    "DR": {
      "value": 0.01178817916661501,
      "ci_lower": 0.009029663610548171,
      "ci_upper": 0.014546694722681847
    }
  },
  "Random": {
    "IPW": {
      "value": 0.0066703143529593945,
      "ci_lower": 0.005645911910881039,
      "ci_upper": 0.00769471679503775
    },
    "SNIPW": {
      "value": 0.0069788433611392975,
      "ci_lower": 0.006978838267078885,
      "ci_upper": 0.00697884845519971
    },
    "DM": {
      "value": 0.0070136794820427895,
      "ci_lower": 0.007009343926459415,
      "ci_upper": 0.007018015037626164
    },
    "DR": {
      "value": 0.006934950593858957,
      "ci_lower": 0.005914330064893692,
      "ci_upper": 0.007955571122824223
    }
  },
  "BTS": {
    "IPW": {
      "value": 0.008423038758337498,
      "ci_lower": 0.008053018521307758,
      "ci_upper": 0.008793058995367238
    },
    "SNIPW": {
      "value": 0.009319711476564407,
      "ci_lower": 0.009319709530687148,
      "ci_upper": 0.009319713422441667
    },
    "DM": {
      "value": 0.007576524745672941,
      "ci_lower": 0.007569913591763174,
      "ci_upper": 0.007583135899582708
    },
    "DR": {
      "value": 0.007483844645321369,
      "ci_lower": 0.007113848094595052,
      "ci_upper": 0.007853841196047687
    }
  },
  "LinUCB": {
    "IPW": {
      "value": 0.006594425067305565,
      "ci_lower": 0.005565856892122105,
      "ci_upper": 0.007622993242489025
    },
    "SNIPW": {
      "value": 0.006906948052346706,
      "ci_lower": 0.0069069429320087064,
      "ci_upper": 0.006906953172684706
    },
    "DM": {
      "value": 0.00696506816893816,
      "ci_lower": 0.006960774171336279,
      "ci_upper": 0.006969362166540041
    },
    "DR": {
      "value": 0.006864920258522034,
      "ci_lower": 0.0058401213892256484,
      "ci_upper": 0.007889719127818419
    }
  },
  "NeuralUCB": {
    "IPW": {
      "value": 0.006712208967655897,
      "ci_lower": 0.005680902095475666,
      "ci_upper": 0.007743515839836128
    },
    "SNIPW": {
      "value": 0.007020266260951757,
      "ci_lower": 0.007020261134317494,
      "ci_upper": 0.007020271387586021
    },
    "DM": {
      "value": 0.007064576726406813,
      "ci_lower": 0.007060176522974127,
      "ci_upper": 0.007068976929839498
    },
    "DR": {
      "value": 0.006976894102990627,
      "ci_lower": 0.0059494728670102465,
      "ci_upper": 0.008004315338971009
    }
  },
  "DQN": {
    "IPW": {
      "value": 0.006677180528640747,
      "ci_lower": 0.00565039111843687,
      "ci_upper": 0.007703969938844624
    },
    "SNIPW": {
      "value": 0.006985427346080542,
      "ci_lower": 0.006985422240588628,
      "ci_upper": 0.006985432451572455
    },
    "DM": {
      "value": 0.007019510958343744,
      "ci_lower": 0.007015178399861724,
      "ci_upper": 0.007023843516825765
    },
    "DR": {
      "value": 0.006941760890185833,
      "ci_lower": 0.005918783446684334,
      "ci_upper": 0.007964738333687332
    }
  },
  "CQL": {
    "IPW": {
      "value": 0.010815323330461979,
      "ci_lower": 0.00976730405205015,
      "ci_upper": 0.011863342608873808
    },
    "SNIPW": {
      "value": 0.010683316737413406,
      "ci_lower": 0.010683311817106272,
      "ci_upper": 0.01068332165772054
    },
    "DM": {
      "value": 0.010618312284350395,
      "ci_lower": 0.010609337227808156,
      "ci_upper": 0.010627287340892634
    },
    "DR": {
      "value": 0.010704048909246922,
      "ci_lower": 0.009661173570067821,
      "ci_upper": 0.011746924248426022
    }
  },
  "IQL": {
    "IPW": {
      "value": 0.006744855549186468,
      "ci_lower": 0.005706502256429545,
      "ci_upper": 0.0077832088419433915
    },
    "SNIPW": {
      "value": 0.007055249530822039,
      "ci_lower": 0.0070552443685466745,
      "ci_upper": 0.007055254693097403
    },
    "DM": {
      "value": 0.007072883192449808,
      "ci_lower": 0.0070684867850138765,
      "ci_upper": 0.00707727959988574
    },
    "DR": {
      "value": 0.0070105260238051414,
      "ci_lower": 0.00597611064266503,
      "ci_upper": 0.008044941404945253
    }
  },
  "MF-Bandit": {
    "IPW": {
      "value": 0.00831926241517067,
      "ci_lower": 0.007086081890713936,
      "ci_upper": 0.009552442939627403
    },
    "SNIPW": {
      "value": 0.008602194488048553,
      "ci_lower": 0.008602188427563346,
      "ci_upper": 0.008602200548533761
    },
    "DM": {
      "value": 0.008645730093121529,
      "ci_lower": 0.008639891400922502,
      "ci_upper": 0.008651568785320555
    },
    "DR": {
      "value": 0.008609890006482601,
      "ci_lower": 0.007381449799007538,
      "ci_upper": 0.009838330213957663
    }
  },
  "Greedy-GNN": {
    "IPW": {
      "value": 0.011088776402175426,
      "ci_lower": 0.010078349834209093,
      "ci_upper": 0.01209920297014176
    },
    "SNIPW": {
      "value": 0.010988299734890461,
      "ci_lower": 0.01098829497597434,
      "ci_upper": 0.010988304493806582
    },
    "DM": {
      "value": 0.009871900081634521,
      "ci_lower": 0.009864763133176139,
      "ci_upper": 0.009879037030092904
    },
    "DR": {
      "value": 0.011023017577826977,
      "ci_lower": 0.010017431738940423,
      "ci_upper": 0.01202860341671353
    }
  },
  "Uplift-Only": {
    "IPW": {
      "value": 0.006670740898698568,
      "ci_lower": 0.00564634049415169,
      "ci_upper": 0.007695141303245447
    },
    "SNIPW": {
      "value": 0.006979404482990503,
      "ci_lower": 0.0069793993888567375,
      "ci_upper": 0.006979409577124269
    },
    "DM": {
      "value": 0.007013764698058367,
      "ci_lower": 0.007009430788020432,
      "ci_upper": 0.007018098608096301
    },
    "DR": {
      "value": 0.00693557970225811,
      "ci_lower": 0.005914961656534332,
      "ci_upper": 0.007956197747981888
    }
  }
}