{
  "Full GNN-Bandit": {
    "IPW": {
      "value": 0.0027193455025553703,
      "std": 0.05935237184166908,
      "ci_lower": 0.002620956450173798,
      "ci_upper": 0.002817734554936943
    },
    "SNIPW": {
      "value": 0.0027154111303389072,
      "std": 4.239499418190462e-08,
      "ci_lower": 0.0027154110600602784,
      "ci_upper": 0.002715411200617536
    },
    "DM": {
      "value": 0.0025936111342161894,
      "std": 0.01997283846139908,
      "ci_lower": 0.0025605019493831135,
      "ci_upper": 0.0026267203190492652
    },
    "DR": {
      "value": 0.002725452184677124,
      "std": 0.05901719629764557,
      "ci_lower": 0.0026276187563276615,
      "ci_upper": 0.0028232856130265866
    }
  },
  "No-Graph (BCQ only)": {
    "IPW": {
      "value": 0.002522687893360853,
      "std": 0.06272515654563904,
      "ci_lower": 0.0024187077402260384,
      "ci_upper": 0.002626668046495668
    },
    "SNIPW": {
      "value": 0.0025208310689777136,
      "std": 4.4836031776185337e-08,
      "ci_lower": 0.0025208309946525512,
      "ci_upper": 0.002520831143302876
    },
    "DM": {
      "value": 0.0025303650181740522,
      "std": 0.018322549760341644,
      "ci_lower": 0.0024999915343149187,
      "ci_upper": 0.0025607385020331858
    },
    "DR": {
      "value": 0.002546589123085141,
      "std": 0.06157994270324707,
      "ci_lower": 0.0024445074030075226,
      "ci_upper": 0.0026486708431627598
    }
  },
  "No-Constraint (GNN+DQN)": {
    "IPW": {
      "value": 0.002522890456020832,
      "std": 0.06332146376371384,
      "ci_lower": 0.00241792179812548,
      "ci_upper": 0.002627859113916184
    },
    "SNIPW": {
      "value": 0.002520912792533636,
      "std": 4.5260112102596395e-08,
      "ci_lower": 0.0025209127175054714,
      "ci_upper": 0.0025209128675618008
    },
    "DM": {
      "value": 0.002465555677190423,
      "std": 0.018660549074411392,
      "ci_lower": 0.0024346218883058114,
      "ci_upper": 0.0024964894660750346
    },
    "DR": {
      "value": 0.002549833385273814,
      "std": 0.06186855211853981,
      "ci_lower": 0.0024472732343264938,
      "ci_upper": 0.0026523935362211346
    }
  },
  "Minimal (Context+DQN)": {
    "IPW": {
      "value": 0.0025193695910274982,
      "std": 0.06367765367031097,
      "ci_lower": 0.0024138104733697047,
      "ci_upper": 0.0026249287086852918
    },
    "SNIPW": {
      "value": 0.0025174517650157213,
      "std": 4.551572985178609e-08,
      "ci_lower": 0.002517451689563816,
      "ci_upper": 0.0025174518404676265
    },
    "DM": {
      "value": 0.0025244371499866247,
      "std": 0.018151702359318733,
      "ci_lower": 0.002494346881664915,
      "ci_upper": 0.0025545274183083346
    },
    "DR": {
      "value": 0.002541733207181096,
      "std": 0.06205649673938751,
      "ci_lower": 0.0024388614984548426,
      "ci_upper": 0.0026446049159073496
    }
  }
}