{
  "Full GNN-Bandit": {
    "IPW": {
      "value": 0.0027060869615525007,
      "std": 0.05988804250955582,
      "ci_lower": 0.0026068099222587527,
      "ci_upper": 0.0028053640008462487
    },
    "SNIPW": {
      "value": 0.0027023388538509607,
      "std": 4.2780261111374784e-08,
      "ci_lower": 0.002702338782933671,
      "ci_upper": 0.0027023389247682506
    },
    "DM": {
      "value": 0.0030071449000388384,
      "std": 0.02188866026699543,
      "ci_lower": 0.0029708598372056813,
      "ci_upper": 0.0030434299628719955
    },
    "DR": {
      "value": 0.002712058601900935,
      "std": 0.059316519647836685,
      "ci_lower": 0.002613728982078964,
      "ci_upper": 0.002810388221722906
    }
  },
  "No-Graph (BCQ only)": {
    "IPW": {
      "value": 0.002538632834330201,
      "std": 0.061692483723163605,
      "ci_lower": 0.002436364553817674,
      "ci_upper": 0.0026409011148427284
    },
    "SNIPW": {
      "value": 0.0025366246700286865,
      "std": 4.4095457951698336e-08,
      "ci_lower": 0.002536624596931181,
      "ci_upper": 0.002536624743126192
    },
    "DM": {
      "value": 0.0025477244053035975,
      "std": 0.0194606464356184,
      "ci_lower": 0.0025154642865902106,
      "ci_upper": 0.0025799845240169843
    },
    "DR": {
      "value": 0.0025587936397641897,
      "std": 0.06065743416547775,
      "ci_lower": 0.0024582411718129587,
      "ci_upper": 0.0026593461077154207
    }
  },
  "No-Constraint (GNN+DQN)": {
    "IPW": {
      "value": 0.002515726489946246,
      "std": 0.06438013911247253,
      "ci_lower": 0.0024090028547667183,
      "ci_upper": 0.002622450125125774
    },
    "SNIPW": {
      "value": 0.0025138170458376408,
      "std": 4.60179627737034e-08,
      "ci_lower": 0.002513816969553179,
      "ci_upper": 0.0025138171221221026
    },
    "DM": {
      "value": 0.002884632907807827,
      "std": 0.020848426967859268,
      "ci_lower": 0.0028500722506788058,
      "ci_upper": 0.0029191935649368482
    },
    "DR": {
      "value": 0.0025483916979283094,
      "std": 0.06262049078941345,
      "ci_lower": 0.002444585050320777,
      "ci_upper": 0.002652198345535842
    }
  },
  "Minimal (Context+DQN)": {
    "IPW": {
      "value": 0.0025139758363366127,
      "std": 0.06446965783834457,
      "ci_lower": 0.0024071038050216707,
      "ci_upper": 0.0026208478676515547
    },
    "SNIPW": {
      "value": 0.0025120798964053392,
      "std": 4.6082170968020364e-08,
      "ci_lower": 0.0025120798200144387,
      "ci_upper": 0.00251207997279624
    },
    "DM": {
      "value": 0.002522873692214489,
      "std": 0.019112080335617065,
      "ci_lower": 0.0024911913951989944,
      "ci_upper": 0.0025545559892299835
    },
    "DR": {
      "value": 0.0025309077464044094,
      "std": 0.06258106976747513,
      "ci_lower": 0.0024271664474404455,
      "ci_upper": 0.0026346490453683733
    }
  }
}