{
  "Full GNN-Bandit": {
    "IPW": {
      "value": 0.0027127000503242016,
      "std": 0.06005940958857536,
      "ci_lower": 0.0026131389340173375,
      "ci_upper": 0.0028122611666310656
    },
    "SNIPW": {
      "value": 0.0027087877970188856,
      "std": 4.290022204145316e-08,
      "ci_lower": 0.0027087877259027353,
      "ci_upper": 0.002708787868135036
    },
    "DM": {
      "value": 0.0029414722230285406,
      "std": 0.020692914724349976,
      "ci_lower": 0.0029071693601846987,
      "ci_upper": 0.0029757750858723825
    },
    "DR": {
      "value": 0.002718702657148242,
      "std": 0.05955808609724045,
      "ci_lower": 0.002619972590076961,
      "ci_upper": 0.002817432724219523
    }
  },
  "No-Graph (BCQ only)": {
    "IPW": {
      "value": 0.0025085497181862593,
      "std": 0.06296388059854507,
      "ci_lower": 0.002404173829672768,
      "ci_upper": 0.0026129256066997507
    },
    "SNIPW": {
      "value": 0.002506878226995468,
      "std": 4.500981631849754e-08,
      "ci_lower": 0.002506878152382221,
      "ci_upper": 0.002506878301608715
    },
    "DM": {
      "value": 0.002591784344986081,
      "std": 0.018129395321011543,
      "ci_lower": 0.0025617310552768914,
      "ci_upper": 0.002621837634695271
    },
    "DR": {
      "value": 0.00254268036223948,
      "std": 0.06189107522368431,
      "ci_lower": 0.002440082874503366,
      "ci_upper": 0.002645277849975594
    }
  },
  "No-Constraint (GNN+DQN)": {
    "IPW": {
      "value": 0.0025234874337911606,
      "std": 0.06314177066087723,
      "ci_lower": 0.0024188166550463634,
      "ci_upper": 0.002628158212535958
    },
    "SNIPW": {
      "value": 0.0025215493515133858,
      "std": 4.513239204584352e-08,
      "ci_lower": 0.0025215492766969437,
      "ci_upper": 0.002521549426329828
    },
    "DM": {
      "value": 0.002801082096993923,
      "std": 0.019499488174915314,
      "ci_lower": 0.0027687575899199082,
      "ci_upper": 0.002833406604067938
    },
    "DR": {
      "value": 0.0025576106272637844,
      "std": 0.06180278956890106,
      "ci_lower": 0.002455159491588144,
      "ci_upper": 0.0026600617629394248
    }
  },
  "Minimal (Context+DQN)": {
    "IPW": {
      "value": 0.002519013825803995,
      "std": 0.06378848850727081,
      "ci_lower": 0.0024132709760687635,
      "ci_upper": 0.0026247566755392268
    },
    "SNIPW": {
      "value": 0.002517086686566472,
      "std": 4.559478483656676e-08,
      "ci_lower": 0.002517086610983517,
      "ci_upper": 0.0025170867621494273
    },
    "DM": {
      "value": 0.002599490573629737,
      "std": 0.01809455268085003,
      "ci_lower": 0.0025694950429323874,
      "ci_upper": 0.0026294861043270864
    },
    "DR": {
      "value": 0.002548681804910302,
      "std": 0.06211988255381584,
      "ci_lower": 0.002445705020851378,
      "ci_upper": 0.002651658588969226
    }
  }
}