{
  "Full GNN-Bandit": {
    "IPW": {
      "value": 0.0026996240485459566,
      "std": 0.060433533042669296,
      "ci_lower": 0.0025994427438459445,
      "ci_upper": 0.0027998053532459688
    },
    "SNIPW": {
      "value": 0.0026962265837937593,
      "std": 4.3175397479444655e-08,
      "ci_lower": 0.002696226512221448,
      "ci_upper": 0.002696226655366071
    },
    "DM": {
      "value": 0.0028509595431387424,
      "std": 0.02054506540298462,
      "ci_lower": 0.0028169017716732736,
      "ci_upper": 0.0028850173146042113
    },
    "DR": {
      "value": 0.002712603658437729,
      "std": 0.05988531932234764,
      "ci_lower": 0.0026133311334001186,
      "ci_upper": 0.002811876183475339
    }
  },
  "No-Graph (BCQ only)": {
    "IPW": {
      "value": 0.0025173393078148365,
      "std": 0.06392872333526611,
      "ci_lower": 0.0024113639893271486,
      "ci_upper": 0.0026233146263025245
    },
    "SNIPW": {
      "value": 0.0025153832975775003,
      "std": 4.5694466876966544e-08,
      "ci_lower": 0.002515383221829301,
      "ci_upper": 0.0025153833733256997
    },
    "DM": {
      "value": 0.0025789421051740646,
      "std": 0.018796280026435852,
      "ci_lower": 0.0025477833136596647,
      "ci_upper": 0.0026101008966884645
    },
    "DR": {
      "value": 0.0025416426360607147,
      "std": 0.06219690665602684,
      "ci_lower": 0.0024385381683357144,
      "ci_upper": 0.002644747103785715
    }
  },
  "No-Constraint (GNN+DQN)": {
    "IPW": {
      "value": 0.002522338880226016,
      "std": 0.0633506253361702,
      "ci_lower": 0.0024173218808846374,
      "ci_upper": 0.0026273558795673947
    },
    "SNIPW": {
      "value": 0.0025203931145370007,
      "std": 4.528151364979749e-08,
      "ci_lower": 0.0025203930394733583,
      "ci_upper": 0.002520393189600643
    },
    "DM": {
      "value": 0.0027619539760053158,
      "std": 0.01980213262140751,
      "ci_lower": 0.0027291277720424495,
      "ci_upper": 0.002794780179968182
    },
    "DR": {
      "value": 0.002555419923737645,
      "std": 0.06189970672130585,
      "ci_lower": 0.0024528081274769473,
      "ci_upper": 0.002658031719998343
    }
  },
  "Minimal (Context+DQN)": {
    "IPW": {
      "value": 0.002524017356336117,
      "std": 0.06338294595479965,
      "ci_lower": 0.0024189467787645736,
      "ci_upper": 0.00262908793390766
    },
    "SNIPW": {
      "value": 0.0025220676325261593,
      "std": 4.5304570761572904e-08,
      "ci_lower": 0.002522067557424295,
      "ci_upper": 0.0025220677076280237
    },
    "DM": {
      "value": 0.0025806440971791744,
      "std": 0.018841201439499855,
      "ci_lower": 0.0025494108389648626,
      "ci_upper": 0.002611877355393486
    },
    "DR": {
      "value": 0.0025483586359769106,
      "std": 0.06187095493078232,
      "ci_lower": 0.00244579450186241,
      "ci_upper": 0.002650922770091411
    }
  }
}