{
  "Full GNN-Bandit": {
    "IPW": {
      "value": 0.002703089267015457,
      "std": 0.059779126197099686,
      "ci_lower": 0.002603992779440856,
      "ci_upper": 0.0028021857545900584
    },
    "SNIPW": {
      "value": 0.0026994948275387287,
      "std": 4.2704822789119135e-08,
      "ci_lower": 0.002699494756746494,
      "ci_upper": 0.0026994948983309636
    },
    "DM": {
      "value": 0.0028138700872659683,
      "std": 0.021274227648973465,
      "ci_lower": 0.0027786035758598847,
      "ci_upper": 0.002849136598672052
    },
    "DR": {
      "value": 0.00270484434440732,
      "std": 0.05932522565126419,
      "ci_lower": 0.0026065002925517054,
      "ci_upper": 0.0028031883962629347
    }
  },
  "No-Graph (BCQ only)": {
    "IPW": {
      "value": 0.002523003378883004,
      "std": 0.06377959996461868,
      "ci_lower": 0.002417275263778613,
      "ci_upper": 0.0026287314939873953
    },
    "SNIPW": {
      "value": 0.0025207011494785547,
      "std": 4.558169663937406e-08,
      "ci_lower": 0.0025207010739172957,
      "ci_upper": 0.002520701225039814
    },
    "DM": {
      "value": 0.0026613723021000624,
      "std": 0.017702465876936913,
      "ci_lower": 0.002632026737830192,
      "ci_upper": 0.002690717866369933
    },
    "DR": {
      "value": 0.0025506054516881704,
      "std": 0.06197628751397133,
      "ci_lower": 0.002447866706640302,
      "ci_upper": 0.0026533441967360387
    }
  },
  "No-Constraint (GNN+DQN)": {
    "IPW": {
      "value": 0.002522288588806987,
      "std": 0.06345249712467194,
      "ci_lower": 0.0024171027155280704,
      "ci_upper": 0.0026274744620859033
    },
    "SNIPW": {
      "value": 0.0025203432887792587,
      "std": 4.535434072749922e-08,
      "ci_lower": 0.00252034321359489,
      "ci_upper": 0.0025203433639636274
    },
    "DM": {
      "value": 0.0026797724422067404,
      "std": 0.02009706199169159,
      "ci_lower": 0.002646457330718171,
      "ci_upper": 0.00271308755369531
    },
    "DR": {
      "value": 0.0025443246122449636,
      "std": 0.06187216937541962,
      "ci_lower": 0.0024417584649327876,
      "ci_upper": 0.0026468907595571397
    }
  },
  "Minimal (Context+DQN)": {
    "IPW": {
      "value": 0.0025170757435262203,
      "std": 0.06397854536771774,
      "ci_lower": 0.0024110178345302085,
      "ci_upper": 0.002623133652522232
    },
    "SNIPW": {
      "value": 0.0025151476729661226,
      "std": 4.573058376422523e-08,
      "ci_lower": 0.002515147597158052,
      "ci_upper": 0.0025151477487741934
    },
    "DM": {
      "value": 0.0026528520975261927,
      "std": 0.01769719086587429,
      "ci_lower": 0.00262351527769776,
      "ci_upper": 0.0026821889173546253
    },
    "DR": {
      "value": 0.002546709030866623,
      "std": 0.062283679842948914,
      "ci_lower": 0.0024434607183150643,
      "ci_upper": 0.0026499573434181816
    }
  }
}