{
  "dataset": "criteo",
  "seed": 0,
  "config": {
    "gcn_embed_dim": 64,
    "gcn_n_layers": 3,
    "gcn_lr": 0.001,
    "gcn_epochs": 100,
    "gcn_batch_size": 16384,
    "gcn_reg": 0.0001,
    "bcq_hidden": 256,
    "bcq_n_hidden": 2,
    "bcq_threshold_ratio": 0.3,
    "bcq_min_actions": 5,
    "bcq_lr": 0.001,
    "bcq_epochs_bc": 30,
    "bcq_epochs_q": 100,
    "bcq_batch_size": 16384,
    "bcq_temperature": 0.1,
    "bcq_hybrid_weight": 1.0,
    "bcq_num_quantiles": 32,
    "bcq_cvar_alpha": 0.1,
    "cate_hidden": 128,
    "cate_epochs": 50,
    "cate_uplift_weight": 0.5,
    "rm_hidden": 128,
    "rm_epochs": 30,
    "ope_clip": 100.0,
    "dqn_epochs": 50,
    "mf_epochs": 30,
    "cql_alpha": 1.0,
    "iql_expectile": 0.7
  },
  "ope_results": {
    "GNN-Bandit": {
      "IPW": {
        "value": 0.0027217466849833727,
        "std": 0.059823356568813324,
        "ci_lower": 0.0026225768762553896,
        "ci_upper": 0.002820916493711356,
        "n": 1397960
      },
      "SNIPW": {
        "value": 0.0027177485171705484,
        "std": 4.273045917102536e-08,
        "ci_lower": 0.002717748446335816,
        "ci_upper": 0.002717748588005281,
        "n": 1397960
      },
      "DM": {
        "value": 0.002921234117820859,
        "std": 0.02041509747505188,
        "ci_lower": 0.0028873917955593987,
        "ci_upper": 0.002955076440082319,
        "n": 1397960
      },
      "DR": {
        "value": 0.0027268168050795794,
        "std": 0.059313077479600906,
        "ci_lower": 0.0026284928913761735,
        "ci_upper": 0.0028251407187829852,
        "n": 1397960
      }
    },
    "Random": {
      "IPW": {
        "value": 0.002509959740564227,
        "std": 0.06419555097818375,
        "ci_lower": 0.0024035420990804863,
        "ci_upper": 0.002616377382047968,
        "n": 1397960
      },
      "SNIPW": {
        "value": 0.0025080982595682144,
        "std": 4.588681790096416e-08,
        "ci_lower": 0.002508098183501153,
        "ci_upper": 0.002508098335635276,
        "n": 1397960
      },
      "DM": {
        "value": 0.0027484216261655092,
        "std": 0.018990840762853622,
        "ci_lower": 0.002716940309267661,
        "ci_upper": 0.0027799029430633573,
        "n": 1397960
      },
      "DR": {
        "value": 0.002542811445891857,
        "std": 0.06248995661735535,
        "ci_lower": 0.002439221186157188,
        "ci_upper": 0.0026464017056265264,
        "n": 1397960
      }
    },
    "BTS": {
      "IPW": {
        "value": 0.002390336710959673,
        "std": 0.04604838788509369,
        "ci_lower": 0.0023140018130081703,
        "ci_upper": 0.0024666716089111755,
        "n": 1397960
      },
      "SNIPW": {
        "value": 0.0027774767950177193,
        "std": 3.8274631464219055e-08,
        "ci_lower": 0.002777476731569459,
        "ci_upper": 0.0027774768584659794,
        "n": 1397960
      },
      "DM": {
        "value": 0.002938156947493553,
        "std": 0.019805463030934334,
        "ci_lower": 0.0029053252226757115,
        "ci_upper": 0.002970988672311395,
        "n": 1397960
      },
      "DR": {
        "value": 0.0027079633437097073,
        "std": 0.04686756059527397,
        "ci_lower": 0.0026302704945223806,
        "ci_upper": 0.002785656192897034,
        "n": 1397960
      }
    },
    "LinUCB": {
      "IPW": {
        "value": 0.0025584509130567312,
        "std": 0.06069539114832878,
        "ci_lower": 0.002457835523414958,
        "ci_upper": 0.0026590663026985046,
        "n": 1397960
      },
      "SNIPW": {
        "value": 0.002555828308686614,
        "std": 4.337260861575487e-08,
        "ci_lower": 0.0025558282367873835,
        "ci_upper": 0.0025558283805858445,
        "n": 1397960
      },
      "DM": {
        "value": 0.0027942562010139227,
        "std": 0.019435973837971687,
        "ci_lower": 0.0027620369823257063,
        "ci_upper": 0.002826475419702139,
        "n": 1397960
      },
      "DR": {
        "value": 0.0025873936247080564,
        "std": 0.0599907785654068,
        "ci_lower": 0.0024879462787716763,
        "ci_upper": 0.0026868409706444366,
        "n": 1397960
      }
    },
    "NeuralUCB": {
      "IPW": {
        "value": 0.002580610103905201,
        "std": 0.06212729960680008,
        "ci_lower": 0.0024776210245193685,
        "ci_upper": 0.0026835991832910334,
        "n": 1397960
      },
      "SNIPW": {
        "value": 0.0025779621209949255,
        "std": 4.439580081339045e-08,
        "ci_lower": 0.0025779620473995388,
        "ci_upper": 0.0025779621945903122,
        "n": 1397960
      },
      "DM": {
        "value": 0.00280886166729033,
        "std": 0.019431572407484055,
        "ci_lower": 0.0027766497448998245,
        "ci_upper": 0.0028410735896808354,
        "n": 1397960
      },
      "DR": {
        "value": 0.0025999918580055237,
        "std": 0.060655612498521805,
        "ci_lower": 0.0024994424098508062,
        "ci_upper": 0.002700541306160241,
        "n": 1397960
      }
    },
    "DQN": {
      "IPW": {
        "value": 0.0025147399865090847,
        "std": 0.06417709589004517,
        "ci_lower": 0.0024083529382194695,
        "ci_upper": 0.0026211270347987,
        "n": 1397960
      },
      "SNIPW": {
        "value": 0.002512827515602112,
        "std": 4.587275981293715e-08,
        "ci_lower": 0.0025128274395583546,
        "ci_upper": 0.002512827591645869,
        "n": 1397960
      },
      "DM": {
        "value": 0.0027519112918525934,
        "std": 0.01900842785835266,
        "ci_lower": 0.002720400820641167,
        "ci_upper": 0.00278342176306402,
        "n": 1397960
      },
      "DR": {
        "value": 0.0025462135672569275,
        "std": 0.06243182718753815,
        "ci_lower": 0.002442719669290756,
        "ci_upper": 0.002649707465223099,
        "n": 1397960
      }
    },
    "CQL": {
      "IPW": {
        "value": 0.0030879778787493706,
        "std": 0.06015681475400925,
        "ci_lower": 0.0029882552928731073,
        "ci_upper": 0.003187700464625634,
        "n": 1397960
      },
      "SNIPW": {
        "value": 0.0030889164190739393,
        "std": 4.304493828044542e-08,
        "ci_lower": 0.0030889163477178915,
        "ci_upper": 0.003088916490429987,
        "n": 1397960
      },
      "DM": {
        "value": 0.003386283991858363,
        "std": 0.021757280454039574,
        "ci_lower": 0.0033502167187258987,
        "ci_upper": 0.0034223512649908276,
        "n": 1397960
      },
      "DR": {
        "value": 0.003047381993383169,
        "std": 0.05945703387260437,
        "ci_lower": 0.0029488194416497676,
        "ci_upper": 0.0031459445451165707,
        "n": 1397960
      }
    },
    "IQL": {
      "IPW": {
        "value": 0.0026340328622609377,
        "std": 0.058432865887880325,
        "ci_lower": 0.002537168084590641,
        "ci_upper": 0.0027308976399312342,
        "n": 1397960
      },
      "SNIPW": {
        "value": 0.0026313294656574726,
        "std": 4.175577217324644e-08,
        "ci_lower": 0.0026313293964384888,
        "ci_upper": 0.0026313295348764565,
        "n": 1397960
      },
      "DM": {
        "value": 0.002858172869309783,
        "std": 0.02006939984858036,
        "ci_lower": 0.0028249036136474104,
        "ci_upper": 0.0028914421249721556,
        "n": 1397960
      },
      "DR": {
        "value": 0.002655584365129471,
        "std": 0.058228448033332825,
        "ci_lower": 0.002559058453091241,
        "ci_upper": 0.0027521102771677006,
        "n": 1397960
      }
    },
    "MF-Bandit": {
      "IPW": {
        "value": 0.002521814312785864,
        "std": 0.06366407126188278,
        "ci_lower": 0.0024162777108296817,
        "ci_upper": 0.002627350914742046,
        "n": 1397960
      },
      "SNIPW": {
        "value": 0.002519858768209815,
        "std": 4.5505377244126066e-08,
        "ci_lower": 0.0025198586927750715,
        "ci_upper": 0.0025198588436445585,
        "n": 1397960
      },