{
  "dataset": "criteo",
  "seed": 4,
  "config": {
    "gcn_embed_dim": 64,
    "gcn_n_layers": 3,
    "gcn_lr": 0.001,
    "gcn_epochs": 100,
    "gcn_batch_size": 16384,
    "gcn_reg": 0.0001,
    "bcq_hidden": 256,
    "bcq_n_hidden": 2,
    "bcq_threshold_ratio": 0.3,
    "bcq_min_actions": 5,
    "bcq_lr": 0.001,
    "bcq_epochs_bc": 30,
    "bcq_epochs_q": 100,
    "bcq_batch_size": 16384,
    "bcq_temperature": 0.1,
    "bcq_hybrid_weight": 1.0,
    "bcq_num_quantiles": 32,
    "bcq_cvar_alpha": 0.1,
    "cate_hidden": 128,
    "cate_epochs": 50,
    "cate_uplift_weight": 0.5,
    "rm_hidden": 128,
    "rm_epochs": 30,
    "ope_clip": 100.0,
    "dqn_epochs": 50,
    "mf_epochs": 30,
    "cql_alpha": 1.0,
    "iql_expectile": 0.7
  },
  "ope_results": {
    "GNN-Bandit": {
      "IPW": {
        "value": 0.0027113528922200203,
        "std": 0.05995617434382439,
        "ci_lower": 0.0026119629100664894,
        "ci_upper": 0.002810742874373551,
        "n": 1397960
      },
      "SNIPW": {
        "value": 0.00270754168741405,
        "std": 4.282804511035465e-08,
        "ci_lower": 0.0027075416164175485,
        "ci_upper": 0.0027075417584105517,
        "n": 1397960
      },
      "DM": {
        "value": 0.002839315915480256,
        "std": 0.021654389798641205,
        "ci_lower": 0.002803419205271723,
        "ci_upper": 0.0028752126256887892,
        "n": 1397960
      },
      "DR": {
        "value": 0.0027143212500959635,
        "std": 0.05948818847537041,
        "ci_lower": 0.002615707053049184,
        "ci_upper": 0.002812935447142743,
        "n": 1397960
      }
    },
    "Random": {
      "IPW": {
        "value": 0.002509959740564227,
        "std": 0.06419555097818375,
        "ci_lower": 0.0024035420990804863,
        "ci_upper": 0.002616377382047968,
        "n": 1397960
      },
      "SNIPW": {
        "value": 0.0025080982595682144,
        "std": 4.588681790096416e-08,
        "ci_lower": 0.002508098183501153,
        "ci_upper": 0.002508098335635276,
        "n": 1397960
      },
      "DM": {
        "value": 0.002705802209675312,
        "std": 0.020482521504163742,
        "ci_lower": 0.0026718481178901374,
        "ci_upper": 0.0027397563014604867,
        "n": 1397960
      },
      "DR": {
        "value": 0.002539093140512705,
        "std": 0.06262081861495972,
        "ci_lower": 0.002435285949465309,
        "ci_upper": 0.0026429003315601007,
        "n": 1397960
      }
    },
    "BTS": {
      "IPW": {
        "value": 0.002390336710959673,
        "std": 0.04604838788509369,
        "ci_lower": 0.0023140018130081703,
        "ci_upper": 0.0024666716089111755,
        "n": 1397960
      },
      "SNIPW": {
        "value": 0.0027774767950177193,
        "std": 3.8274631464219055e-08,
        "ci_lower": 0.002777476731569459,
        "ci_upper": 0.0027774768584659794,
        "n": 1397960
      },
      "DM": {
        "value": 0.0028934499714523554,
        "std": 0.02114027366042137,
        "ci_lower": 0.0028584055169849822,
        "ci_upper": 0.0029284944259197285,
        "n": 1397960
      },
      "DR": {
        "value": 0.0027019039262086153,
        "std": 0.04699283093214035,
        "ci_lower": 0.002624003415063504,
        "ci_upper": 0.0027798044373537265,
        "n": 1397960
      }
    },
    "LinUCB": {
      "IPW": {
        "value": 0.0025591691955924034,
        "std": 0.06068999320268631,
        "ci_lower": 0.0024585627541820164,
        "ci_upper": 0.0026597756370027904,
        "n": 1397960
      },
      "SNIPW": {
        "value": 0.0025565314572304487,
        "std": 4.3368505231455856e-08,
        "ci_lower": 0.0025565313853380205,
        "ci_upper": 0.002556531529122877,
        "n": 1397960
      },
      "DM": {
        "value": 0.002742878859862685,
        "std": 0.02087184600532055,
        "ci_lower": 0.0027082793807484255,
        "ci_upper": 0.002777478338976945,
        "n": 1397960
      },
      "DR": {
        "value": 0.002583617577329278,
        "std": 0.06005183607339859,
        "ci_lower": 0.0024840690157183483,
        "ci_upper": 0.0026831661389402077,
        "n": 1397960
      }
    },
    "NeuralUCB": {
      "IPW": {
        "value": 0.0026079914532601833,
        "std": 0.059202369302511215,
        "ci_lower": 0.0025098510616688137,
        "ci_upper": 0.002706131844851553,
        "n": 1397960
      },
      "SNIPW": {
        "value": 0.0026053546462208033,
        "std": 4.230630068491337e-08,
        "ci_lower": 0.0026053545760892026,
        "ci_upper": 0.002605354716352404,
        "n": 1397960
      },
      "DM": {
        "value": 0.002777875866740942,
        "std": 0.02114073559641838,
        "ci_lower": 0.0027428306465173977,
        "ci_upper": 0.0028129210869644863,
        "n": 1397960
      },
      "DR": {
        "value": 0.002625943860039115,
        "std": 0.05880553647875786,
        "ci_lower": 0.002528461302402337,
        "ci_upper": 0.0027234264176758927,
        "n": 1397960
      }
    },
    "DQN": {
      "IPW": {
        "value": 0.002522008027881384,
        "std": 0.063429094851017,
        "ci_lower": 0.0024168609487981675,
        "ci_upper": 0.0026271551069646003,
        "n": 1397960
      },
      "SNIPW": {
        "value": 0.0025200541131198406,
        "std": 4.533745467938388e-08,
        "ci_lower": 0.0025200540379634643,
        "ci_upper": 0.002520054188276217,
        "n": 1397960
      },
      "DM": {
        "value": 0.0027144632767885923,
        "std": 0.020561611279845238,
        "ci_lower": 0.0026803780770486567,
        "ci_upper": 0.002748548476528528,
        "n": 1397960
      },
      "DR": {
        "value": 0.002549627097323537,
        "std": 0.06203574314713478,
        "ci_lower": 0.0024467897920459054,
        "ci_upper": 0.0026524644026011683,
        "n": 1397960
      }
    },
    "CQL": {
      "IPW": {
        "value": 0.0030880023259669542,
        "std": 0.06015504524111748,
        "ci_lower": 0.0029882826734308624,
        "ci_upper": 0.003187721978503046,
        "n": 1397960
      },
      "SNIPW": {
        "value": 0.0030889471527189016,
        "std": 4.304375522679038e-08,
        "ci_lower": 0.003088947081364815,
        "ci_upper": 0.0030889472240729883,
        "n": 1397960
      },
      "DM": {
        "value": 0.003336556488648057,
        "std": 0.02271420508623123,
        "ci_lower": 0.003298902911466732,
        "ci_upper": 0.0033742100658293818,
        "n": 1397960
      },
      "DR": {
        "value": 0.00304958107881248,
        "std": 0.05944836139678955,
        "ci_lower": 0.002951032903533645,
        "ci_upper": 0.0031481292540913148,
        "n": 1397960
      }
    },
    "IQL": {
      "IPW": {
        "value": 0.0025986866094172,
        "std": 0.0593862421810627,
        "ci_lower": 0.0025002414098170183,
        "ci_upper": 0.002697131809017382,
        "n": 1397960
      },
      "SNIPW": {
        "value": 0.002596409758552909,
        "std": 4.244342832748771e-08,
        "ci_lower": 0.0025964096881939906,
        "ci_upper": 0.0025964098289118272,
        "n": 1397960
      },
      "DM": {
        "value": 0.002766846679151058,
        "std": 0.021171309053897858,
        "ci_lower": 0.002731750776984803,
        "ci_upper": 0.0028019425813173133,
        "n": 1397960
      },
      "DR": {
        "value": 0.0026199317071586847,
        "std": 0.059063173830509186,
        "ci_lower": 0.0025220220613683866,
        "ci_upper": 0.002717841352948983,
        "n": 1397960
      }
    },
    "MF-Bandit": {
      "IPW": {
        "value": 0.0025208767037838697,
        "std": 0.0637952983379364,
        "ci_lower": 0.0024151225653205677,
        "ci_upper": 0.0026266308422471718,
        "n": 1397960
      },
      "SNIPW": {
        "value": 0.0025189293082803488,
        "std": 4.559930744107987e-08,
        "ci_lower": 0.002518929232689896,
        "ci_upper": 0.0025189293838708015,
        "n": 1397960
      },