{
  "dataset": "criteo",
  "seed": 3,
  "config": {
    "gcn_embed_dim": 64,
    "gcn_n_layers": 3,
    "gcn_lr": 0.001,
    "gcn_epochs": 100,
    "gcn_batch_size": 16384,
    "gcn_reg": 0.0001,
    "bcq_hidden": 256,
    "bcq_n_hidden": 2,
    "bcq_threshold_ratio": 0.3,
    "bcq_min_actions": 5,
    "bcq_lr": 0.001,
    "bcq_epochs_bc": 30,
    "bcq_epochs_q": 100,
    "bcq_batch_size": 16384,
    "bcq_temperature": 0.1,
    "bcq_hybrid_weight": 1.0,
    "bcq_num_quantiles": 32,
    "bcq_cvar_alpha": 0.1,
    "cate_hidden": 128,
    "cate_epochs": 50,
    "cate_uplift_weight": 0.5,
    "rm_hidden": 128,
    "rm_epochs": 30,
    "ope_clip": 100.0,
    "dqn_epochs": 50,
    "mf_epochs": 30,
    "cql_alpha": 1.0,
    "iql_expectile": 0.7
  },
  "ope_results": {
    "GNN-Bandit": {
      "IPW": {
        "value": 0.0026955129578709602,
        "std": 0.060022711753845215,
        "ci_lower": 0.002596012675951527,
        "ci_upper": 0.0027950132397903935,
        "n": 1397960
      },
      "SNIPW": {
        "value": 0.002692153910174966,
        "std": 4.288242294592237e-08,
        "ci_lower": 0.0026921538390883215,
        "ci_upper": 0.0026921539812616102,
        "n": 1397960
      },
      "DM": {
        "value": 0.0028574084863066673,
        "std": 0.020899346098303795,
        "ci_lower": 0.0028227634199984157,
        "ci_upper": 0.002892053552614919,
        "n": 1397960
      },
      "DR": {
        "value": 0.0027112567331641912,
        "std": 0.0595780611038208,
        "ci_lower": 0.0026124935533139637,
        "ci_upper": 0.002810019913014419,
        "n": 1397960
      }
    },
    "Random": {
      "IPW": {
        "value": 0.002509959740564227,
        "std": 0.06419555097818375,
        "ci_lower": 0.0024035420990804863,
        "ci_upper": 0.002616377382047968,
        "n": 1397960
      },
      "SNIPW": {
        "value": 0.0025080982595682144,
        "std": 4.588681790096416e-08,
        "ci_lower": 0.002508098183501153,
        "ci_upper": 0.002508098335635276,
        "n": 1397960
      },
      "DM": {
        "value": 0.0027595795691013336,
        "std": 0.020017176866531372,
        "ci_lower": 0.002726396884026739,
        "ci_upper": 0.0027927622541759284,
        "n": 1397960
      },
      "DR": {
        "value": 0.0025472764391452074,
        "std": 0.06255685538053513,
        "ci_lower": 0.0024435752806256958,
        "ci_upper": 0.002650977597664719,
        "n": 1397960
      }
    },
    "BTS": {
      "IPW": {
        "value": 0.002390336710959673,
        "std": 0.04604838788509369,
        "ci_lower": 0.0023140018130081703,
        "ci_upper": 0.0024666716089111755,
        "n": 1397960
      },
      "SNIPW": {
        "value": 0.0027774767950177193,
        "std": 3.8274631464219055e-08,
        "ci_lower": 0.002777476731569459,
        "ci_upper": 0.0027774768584659794,
        "n": 1397960
      },
      "DM": {
        "value": 0.0028472435660660267,
        "std": 0.020527202636003494,
        "ci_lower": 0.002813215405897658,
        "ci_upper": 0.0028812717262343955,
        "n": 1397960
      },
      "DR": {
        "value": 0.0027485417667776346,
        "std": 0.046968258917331696,
        "ci_lower": 0.002670681988920463,
        "ci_upper": 0.002826401544634806,
        "n": 1397960
      }
    },
    "LinUCB": {
      "IPW": {
        "value": 0.0025592390447854996,
        "std": 0.0606994591653347,
        "ci_lower": 0.0024586169115490583,
        "ci_upper": 0.002659861178021941,
        "n": 1397960
      },
      "SNIPW": {
        "value": 0.0025565638206899166,
        "std": 4.3374637215265466e-08,
        "ci_lower": 0.0025565637487873234,
        "ci_upper": 0.00255656389259251,
        "n": 1397960
      },
      "DM": {
        "value": 0.0027903008740395308,
        "std": 0.02032267488539219,
        "ci_lower": 0.002756611761679092,
        "ci_upper": 0.0028239899863999694,
        "n": 1397960
      },
      "DR": {
        "value": 0.002592747798189521,
        "std": 0.060055989772081375,
        "ci_lower": 0.002493192350948504,
        "ci_upper": 0.0026923032454305375,
        "n": 1397960
      }
    },
    "NeuralUCB": {
      "IPW": {
        "value": 0.0026021709199994802,
        "std": 0.0595247782766819,
        "ci_lower": 0.0025034960676534068,
        "ci_upper": 0.0027008457723455537,
        "n": 1397960
      },
      "SNIPW": {
        "value": 0.0025994351599365473,
        "std": 4.253497820627672e-08,
        "ci_lower": 0.002599435089425866,
        "ci_upper": 0.0025994352304472288,
        "n": 1397960
      },
      "DM": {
        "value": 0.0028122388757765293,
        "std": 0.020539484918117523,
        "ci_lower": 0.0027781903551396436,
        "ci_upper": 0.002846287396413415,
        "n": 1397960
      },
      "DR": {
        "value": 0.002629256807267666,
        "std": 0.05915283039212227,
        "ci_lower": 0.002531198536850193,
        "ci_upper": 0.002727315077685139,
        "n": 1397960
      }
    },
    "DQN": {
      "IPW": {
        "value": 0.002524205017834902,
        "std": 0.06314217299222946,
        "ci_lower": 0.0024195335721411814,
        "ci_upper": 0.002628876463528622,
        "n": 1397960
      },
      "SNIPW": {
        "value": 0.0025222597178071737,
        "std": 4.513255191795906e-08,
        "ci_lower": 0.0025222596429904666,
        "ci_upper": 0.002522259792623881,
        "n": 1397960
      },
      "DM": {
        "value": 0.002767492551356554,
        "std": 0.02010488323867321,
        "ci_lower": 0.002734164474504426,
        "ci_upper": 0.002800820628208682,
        "n": 1397960
      },
      "DR": {
        "value": 0.0025604998227208853,
        "std": 0.06181710958480835,
        "ci_lower": 0.0024580249486039407,
        "ci_upper": 0.00266297469683783,
        "n": 1397960
      }
    },
    "CQL": {
      "IPW": {
        "value": 0.0030879590194672346,
        "std": 0.06015926972031593,
        "ci_lower": 0.002988232363967449,
        "ci_upper": 0.00318768567496702,
        "n": 1397960
      },
      "SNIPW": {
        "value": 0.003088904544711113,
        "std": 4.304678924427208e-08,
        "ci_lower": 0.003088904473351997,
        "ci_upper": 0.003088904616070229,
        "n": 1397960
      },
      "DM": {
        "value": 0.003056183224543929,
        "std": 0.02174738049507141,
        "ci_lower": 0.0030201323626777928,
        "ci_upper": 0.0030922340864100654,
        "n": 1397960
      },
      "DR": {
        "value": 0.0030541636515408754,
        "std": 0.059470098465681076,
        "ci_lower": 0.0029555794424938283,
        "ci_upper": 0.0031527478605879226,
        "n": 1397960
      }
    },
    "IQL": {
      "IPW": {
        "value": 0.002607679460197687,
        "std": 0.0592506006360054,
        "ci_lower": 0.0025094591150164216,
        "ci_upper": 0.0027058998053789527,
        "n": 1397960
      },
      "SNIPW": {
        "value": 0.0026050282176584005,
        "std": 4.234052397578125e-08,
        "ci_lower": 0.0026050281474700675,
        "ci_upper": 0.0026050282878467335,
        "n": 1397960
      },
      "DM": {
        "value": 0.0028168056160211563,
        "std": 0.020560692995786667,
        "ci_lower": 0.0027827219385303833,
        "ci_upper": 0.0028508892935119293,
        "n": 1397960
      },
      "DR": {
        "value": 0.00263356720097363,
        "std": 0.05884331092238426,
        "ci_lower": 0.0025360220242435063,
        "ci_upper": 0.0027311123777037536,
        "n": 1397960
      }
    },
    "MF-Bandit": {
      "IPW": {
        "value": 0.0025201598182320595,
        "std": 0.06377936154603958,
        "ci_lower": 0.00241443209835666,
        "ci_upper": 0.002625887538107459,
        "n": 1397960
      },
      "SNIPW": {
        "value": 0.0025182373356074095,
        "std": 4.558835087209445e-08,
        "ci_lower": 0.0025182372600351197,
        "ci_upper": 0.0025182374111796992,
        "n": 1397960
      },