{
  "dataset": "criteo",
  "seed": 1,
  "config": {
    "gcn_embed_dim": 64,
    "gcn_n_layers": 3,
    "gcn_lr": 0.001,
    "gcn_epochs": 100,
    "gcn_batch_size": 16384,
    "gcn_reg": 0.0001,
    "bcq_hidden": 256,
    "bcq_n_hidden": 2,
    "bcq_threshold_ratio": 0.3,
    "bcq_min_actions": 5,
    "bcq_lr": 0.001,
    "bcq_epochs_bc": 30,
    "bcq_epochs_q": 100,
    "bcq_batch_size": 16384,
    "bcq_temperature": 0.1,
    "bcq_hybrid_weight": 1.0,
    "bcq_num_quantiles": 32,
    "bcq_cvar_alpha": 0.1,
    "cate_hidden": 128,
    "cate_epochs": 50,
    "cate_uplift_weight": 0.5,
    "rm_hidden": 128,
    "rm_epochs": 30,
    "ope_clip": 100.0,
    "dqn_epochs": 50,
    "mf_epochs": 30,
    "cql_alpha": 1.0,
    "iql_expectile": 0.7
  },
  "ope_results": {
    "GNN-Bandit": {
      "IPW": {
        "value": 0.0027431577909737825,
        "std": 0.0597095862030983,
        "ci_lower": 0.0026441765805801957,
        "ci_upper": 0.0028421390013673694,
        "n": 1397960
      },
      "SNIPW": {
        "value": 0.0027389200404286385,
        "std": 4.2645964981602447e-08,
        "ci_lower": 0.0027389199697339726,
        "ci_upper": 0.0027389201111233043,
        "n": 1397960
      },
      "DM": {
        "value": 0.0030315383337438107,
        "std": 0.021558305248618126,
        "ci_lower": 0.002995800903906591,
        "ci_upper": 0.0030672757635810304,
        "n": 1397960
      },
      "DR": {
        "value": 0.0027486467733979225,
        "std": 0.0592472180724144,
        "ci_lower": 0.002650432035527974,
        "ci_upper": 0.002846861511267871,
        "n": 1397960
      }
    },
    "Random": {
      "IPW": {
        "value": 0.002509959740564227,
        "std": 0.06419555097818375,
        "ci_lower": 0.0024035420990804863,
        "ci_upper": 0.002616377382047968,
        "n": 1397960
      },
      "SNIPW": {
        "value": 0.0025080982595682144,
        "std": 4.588681790096416e-08,
        "ci_lower": 0.002508098183501153,
        "ci_upper": 0.002508098335635276,
        "n": 1397960
      },
      "DM": {
        "value": 0.002877815393730998,
        "std": 0.020289475098252296,
        "ci_lower": 0.00284418131700763,
        "ci_upper": 0.002911449470454366,
        "n": 1397960
      },
      "DR": {
        "value": 0.0025438936427235603,
        "std": 0.06255912035703659,
        "ci_lower": 0.002440188729528629,
        "ci_upper": 0.0026475985559184915,
        "n": 1397960
      }
    },
    "BTS": {
      "IPW": {
        "value": 0.002390336710959673,
        "std": 0.04604838788509369,
        "ci_lower": 0.0023140018130081703,
        "ci_upper": 0.0024666716089111755,
        "n": 1397960
      },
      "SNIPW": {
        "value": 0.0027774767950177193,
        "std": 3.8274631464219055e-08,
        "ci_lower": 0.002777476731569459,
        "ci_upper": 0.0027774768584659794,
        "n": 1397960
      },
      "DM": {
        "value": 0.0030368980951607227,
        "std": 0.020950881764292717,
        "ci_lower": 0.0030021675976357708,
        "ci_upper": 0.0030716285926856747,
        "n": 1397960
      },
      "DR": {
        "value": 0.0027379929088056087,
        "std": 0.04697515815496445,
        "ci_lower": 0.0026601216940094945,
        "ci_upper": 0.002815864123601723,
        "n": 1397960
      }
    },
    "LinUCB": {
      "IPW": {
        "value": 0.002558378968387842,
        "std": 0.06066170707345009,
        "ci_lower": 0.0024578194171920287,
        "ci_upper": 0.0026589385195836556,
        "n": 1397960
      },
      "SNIPW": {
        "value": 0.00255574774928391,
        "std": 4.3348393319320166e-08,
        "ci_lower": 0.0025557476774248212,
        "ci_upper": 0.0025557478211429984,
        "n": 1397960
      },
      "DM": {
        "value": 0.002914763754233718,
        "std": 0.02067652717232704,
        "ci_lower": 0.0028804880572075907,
        "ci_upper": 0.002949039451259845,
        "n": 1397960
      },
      "DR": {
        "value": 0.0025886795483529568,
        "std": 0.06001634523272514,
        "ci_lower": 0.0024891898202826883,
        "ci_upper": 0.0026881692764232253,
        "n": 1397960
      }
    },
    "NeuralUCB": {
      "IPW": {
        "value": 0.0026496003847569227,
        "std": 0.05848631262779236,
        "ci_lower": 0.00255264700786254,
        "ci_upper": 0.0027465537616513055,
        "n": 1397960
      },
      "SNIPW": {
        "value": 0.002646531444042921,
        "std": 4.178843937552301e-08,
        "ci_lower": 0.002646531374769785,
        "ci_upper": 0.0026465315133160573,
        "n": 1397960
      },
      "DM": {
        "value": 0.0029750375542789698,
        "std": 0.02123393304646015,
        "ci_lower": 0.002939837839660181,
        "ci_upper": 0.0030102372688977585,
        "n": 1397960
      },
      "DR": {
        "value": 0.0026687616482377052,
        "std": 0.058222223073244095,
        "ci_lower": 0.0025722460553814263,
        "ci_upper": 0.002765277241093984,
        "n": 1397960
      }
    },
    "DQN": {
      "IPW": {
        "value": 0.002516327193006873,
        "std": 0.06394676864147186,
        "ci_lower": 0.002410321960624889,
        "ci_upper": 0.002622332425388857,
        "n": 1397960
      },
      "SNIPW": {
        "value": 0.002514410996809602,
        "std": 4.5708087981211065e-08,
        "ci_lower": 0.0025144109210388224,
        "ci_upper": 0.002514411072580381,
        "n": 1397960
      },
      "DM": {
        "value": 0.002881957683712244,
        "std": 0.020319076254963875,
        "ci_lower": 0.0028482745368393963,
        "ci_upper": 0.0029156408305850917,
        "n": 1397960
      },
      "DR": {
        "value": 0.002549113007262349,
        "std": 0.06235148385167122,
        "ci_lower": 0.0024457522952908706,
        "ci_upper": 0.0026524737192338277,
        "n": 1397960
      }
    },
    "CQL": {
      "IPW": {
        "value": 0.0030881110578775406,
        "std": 0.06016632542014122,
        "ci_lower": 0.002988372706069787,
        "ci_upper": 0.0031878494096852943,
        "n": 1397960
      },
      "SNIPW": {
        "value": 0.003089052392169833,
        "std": 4.305178080699079e-08,
        "ci_lower": 0.0030890523208024425,
        "ci_upper": 0.003089052463537224,
        "n": 1397960
      },
      "DM": {
        "value": 0.0034131165593862534,
        "std": 0.022525809705257416,
        "ci_lower": 0.003375775287213674,
        "ci_upper": 0.0034504578315588327,
        "n": 1397960
      },
      "DR": {
        "value": 0.0030502548906952143,
        "std": 0.05946429818868637,
        "ci_lower": 0.002951680296828477,
        "ci_upper": 0.0031488294845619515,
        "n": 1397960
      }
    },
    "IQL": {
      "IPW": {
        "value": 0.0025924586225301027,
        "std": 0.060648541897535324,
        "ci_lower": 0.002491920895385165,
        "ci_upper": 0.0026929963496750402,
        "n": 1397960
      },
      "SNIPW": {
        "value": 0.002590021351352334,
        "std": 4.334281911155813e-08,
        "ci_lower": 0.002590021279502486,
        "ci_upper": 0.002590021423202182,
        "n": 1397960
      },
      "DM": {
        "value": 0.0029307380318641663,
        "std": 0.02079647406935692,
        "ci_lower": 0.002896263497602581,
        "ci_upper": 0.0029652125661257514,
        "n": 1397960
      },
      "DR": {
        "value": 0.0026187696494162083,
        "std": 0.05986567586660385,
        "ci_lower": 0.0025195296875422284,
        "ci_upper": 0.002718009611290188,
        "n": 1397960
      }
    },
    "MF-Bandit": {
      "IPW": {
        "value": 0.002525193151086569,
        "std": 0.06304959952831268,
        "ci_lower": 0.0024206751653997162,
        "ci_upper": 0.0026297111367734214,
        "n": 1397960
      },
      "SNIPW": {
        "value": 0.002523226197808981,
        "std": 4.506601669618249e-08,
        "ci_lower": 0.00252322612310257,
        "ci_upper": 0.0025232262725153917,
        "n": 1397960
      },