{
  "dataset": "criteo",
  "seed": 2,
  "config": {
    "gcn_embed_dim": 64,
    "gcn_n_layers": 3,
    "gcn_lr": 0.001,
    "gcn_epochs": 100,
    "gcn_batch_size": 16384,
    "gcn_reg": 0.0001,
    "bcq_hidden": 256,
    "bcq_n_hidden": 2,
    "bcq_threshold_ratio": 0.3,
    "bcq_min_actions": 5,
    "bcq_lr": 0.001,
    "bcq_epochs_bc": 30,
    "bcq_epochs_q": 100,
    "bcq_batch_size": 16384,
    "bcq_temperature": 0.1,
    "bcq_hybrid_weight": 1.0,
    "bcq_num_quantiles": 32,
    "bcq_cvar_alpha": 0.1,
    "cate_hidden": 128,
    "cate_epochs": 50,
    "cate_uplift_weight": 0.5,
    "rm_hidden": 128,
    "rm_epochs": 30,
    "ope_clip": 100.0,
    "dqn_epochs": 50,
    "mf_epochs": 30,
    "cql_alpha": 1.0,
    "iql_expectile": 0.7
  },
  "ope_results": {
    "GNN-Bandit": {
      "IPW": {
        "value": 0.0027244379743933678,
        "std": 0.05963776260614395,
        "ci_lower": 0.0026255758267334796,
        "ci_upper": 0.002823300122053256,
        "n": 1397960
      },
      "SNIPW": {
        "value": 0.002720634452998638,
        "std": 4.2601005389997226e-08,
        "ci_lower": 0.0027206343823785025,
        "ci_upper": 0.0027206345236187738,
        "n": 1397960
      },
      "DM": {
        "value": 0.002587168011814356,
        "std": 0.019441116601228714,
        "ci_lower": 0.002554940267913283,
        "ci_upper": 0.0026193957557154287,
        "n": 1397960
      },
      "DR": {
        "value": 0.0027306783013045788,
        "std": 0.05924253910779953,
        "ci_lower": 0.0026324713198035894,
        "ci_upper": 0.002828885282805568,
        "n": 1397960
      }
    },
    "Random": {
      "IPW": {
        "value": 0.002509959740564227,
        "std": 0.06419555097818375,
        "ci_lower": 0.0024035420990804863,
        "ci_upper": 0.002616377382047968,
        "n": 1397960
      },
      "SNIPW": {
        "value": 0.0025080982595682144,
        "std": 4.588681790096416e-08,
        "ci_lower": 0.002508098183501153,
        "ci_upper": 0.002508098335635276,
        "n": 1397960
      },
      "DM": {
        "value": 0.0024518792051821947,
        "std": 0.018122194334864616,
        "ci_lower": 0.0024218378526236397,
        "ci_upper": 0.0024819205577407497,
        "n": 1397960
      },
      "DR": {
        "value": 0.0025360346771776676,
        "std": 0.062454190105199814,
        "ci_lower": 0.0024325037079671813,
        "ci_upper": 0.002639565646388154,
        "n": 1397960
      }
    },
    "BTS": {
      "IPW": {
        "value": 0.002390336710959673,
        "std": 0.04604838788509369,
        "ci_lower": 0.0023140018130081703,
        "ci_upper": 0.0024666716089111755,
        "n": 1397960
      },
      "SNIPW": {
        "value": 0.0027774767950177193,
        "std": 3.8274631464219055e-08,
        "ci_lower": 0.002777476731569459,
        "ci_upper": 0.0027774768584659794,
        "n": 1397960
      },
      "DM": {
        "value": 0.002584463683888316,
        "std": 0.018804067745804787,
        "ci_lower": 0.0025532919825894352,
        "ci_upper": 0.002615635385187197,
        "n": 1397960
      },
      "DR": {
        "value": 0.0026871436275541782,
        "std": 0.046832866966724396,
        "ci_lower": 0.0026095082903605724,
        "ci_upper": 0.002764778964747784,
        "n": 1397960
      }
    },
    "LinUCB": {
      "IPW": {
        "value": 0.0025583594106137753,
        "std": 0.06073128059506416,
        "ci_lower": 0.0024576845266578704,
        "ci_upper": 0.00265903429456968,
        "n": 1397960
      },
      "SNIPW": {
        "value": 0.0025557009503245354,
        "std": 4.3397648141763057e-08,
        "ci_lower": 0.0025557008783837964,
        "ci_upper": 0.0025557010222652743,
        "n": 1397960
      },
      "DM": {
        "value": 0.0024879665579646826,
        "std": 0.018534772098064423,
        "ci_lower": 0.0024572412708994624,
        "ci_upper": 0.002518691845029903,
        "n": 1397960
      },
      "DR": {
        "value": 0.0025819051079452038,
        "std": 0.06001201644539833,
        "ci_lower": 0.0024824225557513128,
        "ci_upper": 0.002681387660139095,
        "n": 1397960
      }
    },
    "NeuralUCB": {
      "IPW": {
        "value": 0.002631671726703644,
        "std": 0.058692507445812225,
        "ci_lower": 0.002534376538486117,
        "ci_upper": 0.0027289669149211707,
        "n": 1397960
      },
      "SNIPW": {
        "value": 0.0026286966167390347,
        "std": 4.1936932149155837e-08,
        "ci_lower": 0.0026286965472197403,
        "ci_upper": 0.002628696686258329,
        "n": 1397960
      },
      "DM": {
        "value": 0.002535474020987749,
        "std": 0.018996644765138626,
        "ci_lower": 0.002503983082734138,
        "ci_upper": 0.00256696495924136,
        "n": 1397960
      },
      "DR": {
        "value": 0.002648228546604514,
        "std": 0.05841165781021118,
        "ci_lower": 0.002551398925788105,
        "ci_upper": 0.0027450581674209234,
        "n": 1397960
      }
    },
    "DQN": {
      "IPW": {
        "value": 0.0025253889616578817,
        "std": 0.0631060004234314,
        "ci_lower": 0.00242077747961272,
        "ci_upper": 0.0026300004437030435,
        "n": 1397960
      },
      "SNIPW": {
        "value": 0.002523422008380294,
        "std": 4.510632578558216e-08,
        "ci_lower": 0.002523421933607062,
        "ci_upper": 0.0025234220831535257,
        "n": 1397960
      },
      "DM": {
        "value": 0.0024626192171126604,
        "std": 0.018243901431560516,
        "ci_lower": 0.002432376109417108,
        "ci_upper": 0.0024928623248082126,
        "n": 1397960
      },
      "DR": {
        "value": 0.0025501814670860767,
        "std": 0.06168531998991966,
        "ci_lower": 0.0024479250619696543,
        "ci_upper": 0.002652437872202499,
        "n": 1397960
      }
    },
    "CQL": {
      "IPW": {
        "value": 0.003088010475039482,
        "std": 0.06015712395310402,
        "ci_lower": 0.00298828737660062,
        "ci_upper": 0.003187733573478344,
        "n": 1397960
      },
      "SNIPW": {
        "value": 0.003088953671976924,
        "std": 4.304521894482605e-08,
        "ci_lower": 0.003088953600620411,
        "ci_upper": 0.003088953743333437,
        "n": 1397960
      },
      "DM": {
        "value": 0.0028977650217711926,
        "std": 0.020414011552929878,
        "ci_lower": 0.0028639244996542797,
        "ci_upper": 0.0029316055438881054,
        "n": 1397960
      },
      "DR": {
        "value": 0.0030578607693314552,
        "std": 0.05946514755487442,
        "ci_lower": 0.0029592847674614355,
        "ci_upper": 0.003156436771201475,
        "n": 1397960
      }
    },
    "IQL": {
      "IPW": {
        "value": 0.0025927945971488953,
        "std": 0.06144203618168831,
        "ci_lower": 0.002490941486165612,
        "ci_upper": 0.0026946477081321784,
        "n": 1397960
      },
      "SNIPW": {
        "value": 0.002590032061561942,
        "std": 4.3904389457338766e-08,
        "ci_lower": 0.002590031988781173,
        "ci_upper": 0.0025900321343427114,
        "n": 1397960
      },
      "DM": {
        "value": 0.0025040365289896727,
        "std": 0.018543504178524017,
        "ci_lower": 0.0024732967666626377,
        "ci_upper": 0.0025347762913167076,
        "n": 1397960
      },
      "DR": {
        "value": 0.0026050875894725323,
        "std": 0.06020126864314079,
        "ci_lower": 0.0025052913119157074,
        "ci_upper": 0.002704883867029357,
        "n": 1397960
      }
    },
    "MF-Bandit": {
      "IPW": {
        "value": 0.002525557531043887,
        "std": 0.062920480966568,
        "ci_lower": 0.0024212535865577606,
        "ci_upper": 0.0026298614755300136,
        "n": 1397960
      },
      "SNIPW": {
        "value": 0.002523570554330945,
        "std": 4.4973379687007764e-08,
        "ci_lower": 0.0025235704797780993,
        "ci_upper": 0.0025235706288837907,
        "n": 1397960
      },