{
  "GNN-Bandit": {
    "IPW": {
      "value": 0.0049721188843250275,
      "ci_lower": 0.004314280975238611,
      "ci_upper": 0.0056299567934114435
    },
    "SNIPW": {
      "value": 0.005531896371394396,
      "ci_lower": 0.005531895357525907,
      "ci_upper": 0.005531897385262885
    },
    "DM": {
      "value": 0.005767922382801771,
      "ci_lower": 0.005763661281271231,
      "ci_upper": 0.005772183484332311
    },
    "DR": {
      "value": 0.005549874622374773,
      "ci_lower": 0.004892387612129698,
      "ci_upper": 0.006207361632619848
    }
  },
  "Random": {
    "IPW": {
      "value": 0.004411494359374046,
      "ci_lower": 0.003854367717741657,
      "ci_upper": 0.004968621001006436
    },
    "SNIPW": {
      "value": 0.004622761160135269,
      "ci_lower": 0.004622760351412314,
      "ci_upper": 0.004622761968858224
    },
    "DM": {
      "value": 0.003485624911263585,
      "ci_lower": 0.00348491760117845,
      "ci_upper": 0.00348633222134872
    },
    "DR": {
      "value": 0.004524243529886007,
      "ci_lower": 0.00396779005165585,
      "ci_upper": 0.005080697008116164
    }
  },
  "BTS": {
    "IPW": {
      "value": 0.00527306878939271,
      "ci_lower": 0.005110664088148789,
      "ci_upper": 0.005435473490636631
    },
    "SNIPW": {
      "value": 0.005573214963078499,
      "ci_lower": 0.005573214725300777,
      "ci_upper": 0.005573215200856221
    },
    "DM": {
      "value": 0.003592636901885271,
      "ci_lower": 0.0035918386299422867,
      "ci_upper": 0.0035934351738282555
    },
    "DR": {
      "value": 0.004377680830657482,
      "ci_lower": 0.004215274204419917,
      "ci_upper": 0.004540087456895047
    }
  },
  "LinUCB": {
    "IPW": {
      "value": 0.0043616583570837975,
      "ci_lower": 0.0038027846805950716,
      "ci_upper": 0.004920532033572523
    },
    "SNIPW": {
      "value": 0.0045843482948839664,
      "ci_lower": 0.004584347481173687,
      "ci_upper": 0.004584349108594246
    },
    "DM": {
      "value": 0.003452155040577054,
      "ci_lower": 0.003451451685685158,
      "ci_upper": 0.00345285839546895
    },
    "DR": {
      "value": 0.004481047857552767,
      "ci_lower": 0.003922828060154949,
      "ci_upper": 0.005039267654950584
    }
  },
  "NeuralUCB": {
    "IPW": {
      "value": 0.004425858613103628,
      "ci_lower": 0.0038690566422741844,
      "ci_upper": 0.004982660583933072
    },
    "SNIPW": {
      "value": 0.004635375924408436,
      "ci_lower": 0.004635375116581491,
      "ci_upper": 0.004635376732235381
    },
    "DM": {
      "value": 0.0035110884346067905,
      "ci_lower": 0.003509315672027789,
      "ci_upper": 0.003512861197185792
    },
    "DR": {
      "value": 0.004543106071650982,
      "ci_lower": 0.003986961623650415,
      "ci_upper": 0.005099250519651549
    }
  },
  "DQN": {
    "IPW": {
      "value": 0.00441313860937953,
      "ci_lower": 0.0038559786241072406,
      "ci_upper": 0.00497029859465182
    },
    "SNIPW": {
      "value": 0.0046244049444794655,
      "ci_lower": 0.0046244041357218265,
      "ci_upper": 0.0046244057532371045
    },
    "DM": {
      "value": 0.0034872586838901043,
      "ci_lower": 0.0034865497367681385,
      "ci_upper": 0.00348796763101207
    },
    "DR": {
      "value": 0.004526062868535519,
      "ci_lower": 0.0039695768716627375,
      "ci_upper": 0.0050825488654083
    }
  },
  "CQL": {
    "IPW": {
      "value": 0.0056499335914850235,
      "ci_lower": 0.005274628890106339,
      "ci_upper": 0.006025238292863708
    },
    "SNIPW": {
      "value": 0.005852399859577417,
      "ci_lower": 0.0058523993210537455,
      "ci_upper": 0.005852400398101089
    },
    "DM": {
      "value": 0.005686189513653517,
      "ci_lower": 0.005683411481957364,
      "ci_upper": 0.00568896754534967
    },
    "DR": {
      "value": 0.005860586650669575,
      "ci_lower": 0.005485769178932071,
      "ci_upper": 0.006235404122407078
    }
  },
  "IQL": {
    "IPW": {
      "value": 0.004428286571055651,
      "ci_lower": 0.0038711886668283714,
      "ci_upper": 0.00498538447528293
    },
    "SNIPW": {
      "value": 0.004636423196643591,
      "ci_lower": 0.0046364223886478815,
      "ci_upper": 0.0046364240046393
    },
    "DM": {
      "value": 0.003509386209771037,
      "ci_lower": 0.003507921796772018,
      "ci_upper": 0.0035108506227700563
    },
    "DR": {
      "value": 0.004531999584287405,
      "ci_lower": 0.003975135051164541,
      "ci_upper": 0.005088864117410269
    }
  },
  "MF-Bandit": {
    "IPW": {
      "value": 0.00524292653426528,
      "ci_lower": 0.004698328232514639,
      "ci_upper": 0.00578752483601592
    },
    "SNIPW": {
      "value": 0.005444638896733522,
      "ci_lower": 0.005444638113300717,
      "ci_upper": 0.005444639680166328
    },
    "DM": {
      "value": 0.00432283291593194,
      "ci_lower": 0.004321992148975465,
      "ci_upper": 0.004323673682888415
    },
    "DR": {
      "value": 0.005387139972299337,
      "ci_lower": 0.004843813300724808,
      "ci_upper": 0.005930466643873867
    }
  },
  "Greedy-GNN": {
    "IPW": {
      "value": 0.005799994338303804,
      "ci_lower": 0.0053262624775540285,
      "ci_upper": 0.00627372619905358
    },
    "SNIPW": {
      "value": 0.006092095281928778,
      "ci_lower": 0.006092094592638897,
      "ci_upper": 0.006092095971218658
    },
    "DM": {
      "value": 0.005820532329380512,
      "ci_lower": 0.005819323004491835,
      "ci_upper": 0.005821741654269189
    },
    "DR": {
      "value": 0.006074810866266489,
      "ci_lower": 0.005602203098679986,
      "ci_upper": 0.006547418633852992
    }
  },
  "Uplift-Only": {
    "IPW": {
      "value": 0.004411396104842424,
      "ci_lower": 0.003854269188210943,
      "ci_upper": 0.004968523021473906
    },
    "SNIPW": {
      "value": 0.004622661042958498,
      "ci_lower": 0.0046226602342344944,
      "ci_upper": 0.0046226618516825016
    },
    "DM": {
      "value": 0.003485900117084384,
      "ci_lower": 0.003485191067173451,
      "ci_upper": 0.0034866091669953168
    },
    "DR": {
      "value": 0.0045240637846291065,
      "ci_lower": 0.003967608450155078,
      "ci_upper": 0.005080519119103135
    }
  }
}