{
  "GNN-Bandit": {
    "IPW": {
      "value": 0.009199554100632668,
      "ci_lower": 0.008065458891309453,
      "ci_upper": 0.010333649309955882
    },
    "SNIPW": {
      "value": 0.009104534983634949,
      "ci_lower": 0.009104531367377378,
      "ci_upper": 0.00910453859989252
    },
    "DM": {
      "value": 0.007668287958949804,
      "ci_lower": 0.007659390225433952,
      "ci_upper": 0.007677185692465656
    },
    "DR": {
      "value": 0.009177823550999165,
      "ci_lower": 0.008046580243139324,
      "ci_upper": 0.010309066858859005
    }
  },
  "Random": {
    "IPW": {
      "value": 0.006012766622006893,
      "ci_lower": 0.004996075703136027,
      "ci_upper": 0.0070294575408777595
    },
    "SNIPW": {
      "value": 0.006614877842366695,
      "ci_lower": 0.006614874238610537,
      "ci_upper": 0.0066148814461228535
    },
    "DM": {
      "value": 0.004921895917505026,
      "ci_lower": 0.004920027850372177,
      "ci_upper": 0.004923763984637875
    },
    "DR": {
      "value": 0.006329858675599098,
      "ci_lower": 0.005316983642825955,
      "ci_upper": 0.007342733708372242
    }
  },
  "BTS": {
    "IPW": {
      "value": 0.007492853794246912,
      "ci_lower": 0.007199616619988024,
      "ci_upper": 0.0077860909685058
    },
    "SNIPW": {
      "value": 0.008007456548511982,
      "ci_lower": 0.008007455538828732,
      "ci_upper": 0.008007457558195232
    },
    "DM": {
      "value": 0.0050578941591084,
      "ci_lower": 0.005055832416648942,
      "ci_upper": 0.005059955901567859
    },
    "DR": {
      "value": 0.006514058914035559,
      "ci_lower": 0.006220804911461051,
      "ci_upper": 0.006807312916610067
    }
  },
  "LinUCB": {
    "IPW": {
      "value": 0.0058431667275726795,
      "ci_lower": 0.004864676504557128,
      "ci_upper": 0.006821656950588231
    },
    "SNIPW": {
      "value": 0.006485059391707182,
      "ci_lower": 0.006485055892730348,
      "ci_upper": 0.006485062890684016
    },
    "DM": {
      "value": 0.004856396000832319,
      "ci_lower": 0.004854593429095935,
      "ci_upper": 0.004858198572568704
    },
    "DR": {
      "value": 0.006182423792779446,
      "ci_lower": 0.005207476952482819,
      "ci_upper": 0.007157370633076072
    }
  },
  "NeuralUCB": {
    "IPW": {
      "value": 0.006054295226931572,
      "ci_lower": 0.005038834819662697,
      "ci_upper": 0.007069755634200447
    },
    "SNIPW": {
      "value": 0.006647591013461351,
      "ci_lower": 0.006647587421078694,
      "ci_upper": 0.006647594605844008
    },
    "DM": {
      "value": 0.004954306408762932,
      "ci_lower": 0.004952442886192732,
      "ci_upper": 0.004956169931333132
    },
    "DR": {
      "value": 0.006367068737745285,
      "ci_lower": 0.005355421490491852,
      "ci_upper": 0.007378715984998718
    }
  },
  "DQN": {
    "IPW": {
      "value": 0.006020304746925831,
      "ci_lower": 0.005001217601729818,
      "ci_upper": 0.007039391892121843
    },
    "SNIPW": {
      "value": 0.006621502339839935,
      "ci_lower": 0.006621498728501176,
      "ci_upper": 0.006621505951178695
    },
    "DM": {
      "value": 0.004925952292978764,
      "ci_lower": 0.004924083332988436,
      "ci_upper": 0.004927821252969091
    },
    "DR": {
      "value": 0.006336918566375971,
      "ci_lower": 0.005321662405579546,
      "ci_upper": 0.007352174727172396
    }
  },
  "CQL": {
    "IPW": {
      "value": 0.00908886268734932,
      "ci_lower": 0.008038228688899729,
      "ci_upper": 0.01013949668579891
    },
    "SNIPW": {
      "value": 0.009379953145980835,
      "ci_lower": 0.009379949652475168,
      "ci_upper": 0.009379956639486502
    },
    "DM": {
      "value": 0.007590250112116337,
      "ci_lower": 0.007585378891005949,
      "ci_upper": 0.007595121333226725
    },
    "DR": {
      "value": 0.009329738095402718,
      "ci_lower": 0.008285071176518647,
      "ci_upper": 0.010374405014286789
    }
  },
  "IQL": {
    "IPW": {
      "value": 0.0060449098236858845,
      "ci_lower": 0.005029180792462996,
      "ci_upper": 0.007060638854908773
    },
    "SNIPW": {
      "value": 0.006642061751335859,
      "ci_lower": 0.006642058155417482,
      "ci_upper": 0.006642065347254237
    },
    "DM": {
      "value": 0.004955881275236607,
      "ci_lower": 0.004954006194667311,
      "ci_upper": 0.004957756355805902
    },
    "DR": {
      "value": 0.006359310820698738,
      "ci_lower": 0.005347403337436772,
      "ci_upper": 0.007371218303960704
    }
  },
  "MF-Bandit": {
    "IPW": {
      "value": 0.00843820534646511,
      "ci_lower": 0.006960686784155245,
      "ci_upper": 0.009915723908774977
    },
    "SNIPW": {
      "value": 0.008798018097877502,
      "ci_lower": 0.008798013134394342,
      "ci_upper": 0.008798023061360663
    },
    "DM": {
      "value": 0.00623119343072176,
      "ci_lower": 0.006228084149369862,
      "ci_upper": 0.006234302712073658
    },
    "DR": {
      "value": 0.008684677071869373,
      "ci_lower": 0.007214260792696496,
      "ci_upper": 0.010155093351042251
    }
  },
  "Greedy-GNN": {
    "IPW": {
      "value": 0.009201472625136375,
      "ci_lower": 0.008142806434943962,
      "ci_upper": 0.010260138815328789
    },
    "SNIPW": {
      "value": 0.009388872422277927,
      "ci_lower": 0.009388868941838829,
      "ci_upper": 0.009388875902717026
    },
    "DM": {
      "value": 0.007572856266051531,
      "ci_lower": 0.007569944217735638,
      "ci_upper": 0.007575768314367424
    },
    "DR": {
      "value": 0.009353612549602985,
      "ci_lower": 0.008300332888299521,
      "ci_upper": 0.01040689221090645
    }
  },
  "Uplift-Only": {
    "IPW": {
      "value": 0.006018892861902714,
      "ci_lower": 0.005001996648066212,
      "ci_upper": 0.007035789075739216
    },
    "SNIPW": {
      "value": 0.006621554959565401,
      "ci_lower": 0.0066215513551168975,
      "ci_upper": 0.006621558564013905
    },
    "DM": {
      "value": 0.004921924322843552,
      "ci_lower": 0.004920056631079454,
      "ci_upper": 0.004923792014607649
    },
    "DR": {
      "value": 0.006335954647511244,
      "ci_lower": 0.005322874844019058,
      "ci_upper": 0.00734903445100343
    }
  }
}