{
  "GNN-Bandit": {
    "IPW": {
      "value": 0.008465024642646313,
      "ci_lower": 0.006754705049333193,
      "ci_upper": 0.010175344235959434
    },
    "SNIPW": {
      "value": 0.008665136061608791,
      "ci_lower": 0.00866513042077553,
      "ci_upper": 0.008665141702442052
    },
    "DM": {
      "value": 0.007873358204960823,
      "ci_lower": 0.007870265216414842,
      "ci_upper": 0.007876451193506804
    },
    "DR": {
      "value": 0.00862038042396307,
      "ci_lower": 0.006917315984093321,
      "ci_upper": 0.010323444863832819
    }
  },
  "Random": {
    "IPW": {
      "value": 0.006012766622006893,
      "ci_lower": 0.004996075703136027,
      "ci_upper": 0.0070294575408777595
    },
    "SNIPW": {
      "value": 0.006614877842366695,
      "ci_lower": 0.006614874238610537,
      "ci_upper": 0.0066148814461228535
    },
    "DM": {
      "value": 0.005958060268312693,
      "ci_lower": 0.005955922326611009,
      "ci_upper": 0.0059601982100143764
    },
    "DR": {
      "value": 0.006390143185853958,
      "ci_lower": 0.005379009909959844,
      "ci_upper": 0.007401276461748072
    }
  },
  "BTS": {
    "IPW": {
      "value": 0.007492853794246912,
      "ci_lower": 0.007199616619988024,
      "ci_upper": 0.0077860909685058
    },
    "SNIPW": {
      "value": 0.008007456548511982,
      "ci_lower": 0.008007455538828732,
      "ci_upper": 0.008007457558195232
    },
    "DM": {
      "value": 0.00608972879126668,
      "ci_lower": 0.006087393380822809,
      "ci_upper": 0.0060920642017105505
    },
    "DR": {
      "value": 0.006664426065981388,
      "ci_lower": 0.006371185824879934,
      "ci_upper": 0.006957666307082842
    }
  },
  "LinUCB": {
    "IPW": {
      "value": 0.005841497797518969,
      "ci_lower": 0.004863639396496737,
      "ci_upper": 0.0068193561985412
    },
    "SNIPW": {
      "value": 0.006482887547463179,
      "ci_lower": 0.006482884050918152,
      "ci_upper": 0.006482891044008205
    },
    "DM": {
      "value": 0.005879613105207682,
      "ci_lower": 0.0058776041906268275,
      "ci_upper": 0.005881622019788536
    },
    "DR": {
      "value": 0.00623942818492651,
      "ci_lower": 0.005266668711112564,
      "ci_upper": 0.0072121876587404555
    }
  },
  "NeuralUCB": {
    "IPW": {
      "value": 0.00610728282481432,
      "ci_lower": 0.005069042854606737,
      "ci_upper": 0.007145522795021902
    },
    "SNIPW": {
      "value": 0.006703428458422422,
      "ci_lower": 0.006703424786736029,
      "ci_upper": 0.006703432130108816
    },
    "DM": {
      "value": 0.006003588438034058,
      "ci_lower": 0.006001445738999331,
      "ci_upper": 0.0060057311370687845
    },
    "DR": {
      "value": 0.006480470299720764,
      "ci_lower": 0.005448013503374041,
      "ci_upper": 0.007512927096067487
    }
  },
  "DQN": {
    "IPW": {
      "value": 0.00602000905200839,
      "ci_lower": 0.005002273309678607,
      "ci_upper": 0.007037744794338174
    },
    "SNIPW": {
      "value": 0.006621250882744789,
      "ci_lower": 0.0066212472761548544,
      "ci_upper": 0.006621254489334724
    },
    "DM": {
      "value": 0.005962172988802195,
      "ci_lower": 0.005960034171444874,
      "ci_upper": 0.005964311806159515
    },
    "DR": {
      "value": 0.00639684870839119,
      "ci_lower": 0.005384682876408423,
      "ci_upper": 0.007409014540373956
    }
  },
  "CQL": {
    "IPW": {
      "value": 0.009097210131585598,
      "ci_lower": 0.008042910915508978,
      "ci_upper": 0.010151509347662218
    },
    "SNIPW": {
      "value": 0.009407680481672287,
      "ci_lower": 0.009407676968843346,
      "ci_upper": 0.009407683994501228
    },
    "DM": {
      "value": 0.007828972302377224,
      "ci_lower": 0.00782457479171655,
      "ci_upper": 0.007833369813037897
    },
    "DR": {
      "value": 0.009360192343592644,
      "ci_lower": 0.008312087730102702,
      "ci_upper": 0.010408296957082586
    }
  },
  "IQL": {
    "IPW": {
      "value": 0.006057401653379202,
      "ci_lower": 0.005043673461701372,
      "ci_upper": 0.007071129845057032
    },
    "SNIPW": {
      "value": 0.0066438233479857445,
      "ci_lower": 0.006643819765601898,
      "ci_upper": 0.006643826930369591
    },
    "DM": {
      "value": 0.006000306457281113,
      "ci_lower": 0.005998168188130093,
      "ci_upper": 0.006002444726432132
    },
    "DR": {
      "value": 0.006428836844861507,
      "ci_lower": 0.005420630961940093,
      "ci_upper": 0.007437042727782922
    }
  },
  "MF-Bandit": {
    "IPW": {
      "value": 0.008477570489048958,
      "ci_lower": 0.006999728990838092,
      "ci_upper": 0.009955411987259823
    },
    "SNIPW": {
      "value": 0.008861521258950233,
      "ci_lower": 0.008861516281767354,
      "ci_upper": 0.008861526236133113
    },
    "DM": {
      "value": 0.007358933333307505,
      "ci_lower": 0.007355222363697383,
      "ci_upper": 0.0073626443029176265
    },
    "DR": {
      "value": 0.008804542943835258,
      "ci_lower": 0.007336861134889029,
      "ci_upper": 0.010272224752781488
    }
  },
  "Greedy-GNN": {
    "IPW": {
      "value": 0.009339430369436741,
      "ci_lower": 0.00822217521885748,
      "ci_upper": 0.010456685520016001
    },
    "SNIPW": {
      "value": 0.009549367241561413,
      "ci_lower": 0.009549363560903728,
      "ci_upper": 0.009549370922219098
    },
    "DM": {
      "value": 0.008074856363236904,
      "ci_lower": 0.008072127405381263,
      "ci_upper": 0.008077585321092545
    },
    "DR": {
      "value": 0.009519125334918499,
      "ci_lower": 0.008408060592953178,
      "ci_upper": 0.01063019007688382
    }
  },
  "Uplift-Only": {
    "IPW": {
      "value": 0.006018892861902714,
      "ci_lower": 0.005001996648066212,
      "ci_upper": 0.007035789075739216
    },
    "SNIPW": {
      "value": 0.006621554959565401,
      "ci_lower": 0.0066215513551168975,
      "ci_upper": 0.006621558564013905
    },
    "DM": {
      "value": 0.005958051886409521,
      "ci_lower": 0.005955914031740964,
      "ci_upper": 0.0059601897410780785
    },
    "DR": {
      "value": 0.006396240554749966,
      "ci_lower": 0.005384901145095667,
      "ci_upper": 0.007407579964404264
    }
  }
}