{
  "GNN-Bandit": {
    "IPW": {
      "value": 0.004829833749681711,
      "ci_lower": 0.004196294416612032,
      "ci_upper": 0.0054633730827513905
    },
    "SNIPW": {
      "value": 0.005364983342587948,
      "ci_lower": 0.005364982367733062,
      "ci_upper": 0.005364984317442834
    },
    "DM": {
      "value": 0.0048081837594509125,
      "ci_lower": 0.004802086745452234,
      "ci_upper": 0.004814280773449591
    },
    "DR": {
      "value": 0.005316504742950201,
      "ci_lower": 0.004682555454984182,
      "ci_upper": 0.00595045403091622
    }
  },
  "Random": {
    "IPW": {
      "value": 0.004411494359374046,
      "ci_lower": 0.003854367717741657,
      "ci_upper": 0.004968621001006436
    },
    "SNIPW": {
      "value": 0.004622761160135269,
      "ci_lower": 0.004622760351412314,
      "ci_upper": 0.004622761968858224
    },
    "DM": {
      "value": 0.003323234850540757,
      "ci_lower": 0.003322480649619244,
      "ci_upper": 0.0033239890514622705
    },
    "DR": {
      "value": 0.004530452657490969,
      "ci_lower": 0.003973899835838841,
      "ci_upper": 0.005087005479143096
    }
  },
  "BTS": {
    "IPW": {
      "value": 0.00527306878939271,
      "ci_lower": 0.005110664088148789,
      "ci_upper": 0.005435473490636631
    },
    "SNIPW": {
      "value": 0.005573214963078499,
      "ci_lower": 0.005573214725300777,
      "ci_upper": 0.005573215200856221
    },
    "DM": {
      "value": 0.003416660940274596,
      "ci_lower": 0.0034158431568909113,
      "ci_upper": 0.003417478723658281
    },
    "DR": {
      "value": 0.004517341032624245,
      "ci_lower": 0.004354936572004529,
      "ci_upper": 0.00467974549324396
    }
  },
  "LinUCB": {
    "IPW": {
      "value": 0.0043614888563752174,
      "ci_lower": 0.0038026467704071806,
      "ci_upper": 0.004920330942343254
    },
    "SNIPW": {
      "value": 0.004584466572850943,
      "ci_lower": 0.004584465759134041,
      "ci_upper": 0.004584467386567845
    },
    "DM": {
      "value": 0.0032965694554150105,
      "ci_lower": 0.0032958222561610515,
      "ci_upper": 0.0032973166546689694
    },
    "DR": {
      "value": 0.004487564787268639,
      "ci_lower": 0.003929277305719313,
      "ci_upper": 0.005045852268817964
    }
  },
  "NeuralUCB": {
    "IPW": {
      "value": 0.004421859979629517,
      "ci_lower": 0.003865540013458506,
      "ci_upper": 0.004978179945800527
    },
    "SNIPW": {
      "value": 0.004631777293980122,
      "ci_lower": 0.004631776486749686,
      "ci_upper": 0.004631778101210557
    },
    "DM": {
      "value": 0.003350580111145973,
      "ci_lower": 0.0033480371462029333,
      "ci_upper": 0.003353123076089013
    },
    "DR": {
      "value": 0.004553884267807007,
      "ci_lower": 0.003998136712245912,
      "ci_upper": 0.005109631823368102
    }
  },
  "DQN": {
    "IPW": {
      "value": 0.00441185524687171,
      "ci_lower": 0.0038549466451443587,
      "ci_upper": 0.004968763848599061
    },
    "SNIPW": {
      "value": 0.004623257555067539,
      "ci_lower": 0.004623256746640282,
      "ci_upper": 0.004623258363494797
    },
    "DM": {
      "value": 0.0033242765348404646,
      "ci_lower": 0.0033235179015056082,
      "ci_upper": 0.003325035168175321
    },
    "DR": {
      "value": 0.004530994687229395,
      "ci_lower": 0.003974659252359462,
      "ci_upper": 0.005087330122099328
    }
  },
  "CQL": {
    "IPW": {
      "value": 0.005613959860056639,
      "ci_lower": 0.005233004889834994,
      "ci_upper": 0.005994914830278283
    },
    "SNIPW": {
      "value": 0.005829361733049154,
      "ci_lower": 0.0058293611850807284,
      "ci_upper": 0.00582936228101758
    },
    "DM": {
      "value": 0.004898738581687212,
      "ci_lower": 0.004896442292272429,
      "ci_upper": 0.004901034871101995
    },
    "DR": {
      "value": 0.005791116505861282,
      "ci_lower": 0.005410794652299104,
      "ci_upper": 0.006171438359423461
    }
  },
  "IQL": {
    "IPW": {
      "value": 0.004432687535881996,
      "ci_lower": 0.0038756269971563367,
      "ci_upper": 0.004989748074607656
    },
    "SNIPW": {
      "value": 0.004642773419618607,
      "ci_lower": 0.004642772611373816,
      "ci_upper": 0.004642774227863397
    },
    "DM": {
      "value": 0.0033470732159912586,
      "ci_lower": 0.0033443702856340374,
      "ci_upper": 0.00334977614634848
    },
    "DR": {
      "value": 0.004559915512800217,
      "ci_lower": 0.004003433503414268,
      "ci_upper": 0.005116397522186165
    }
  },
  "MF-Bandit": {
    "IPW": {
      "value": 0.005072437226772308,
      "ci_lower": 0.004532446947306099,
      "ci_upper": 0.005612427506238518
    },
    "SNIPW": {
      "value": 0.005293237045407295,
      "ci_lower": 0.0052932362648212515,
      "ci_upper": 0.005293237825993339
    },
    "DM": {
      "value": 0.004058987367898226,
      "ci_lower": 0.004058149846548709,
      "ci_upper": 0.004059824889247742
    },
    "DR": {
      "value": 0.005226130597293377,
      "ci_lower": 0.004687439138538496,
      "ci_upper": 0.005764822056048258
    }
  },
  "Greedy-GNN": {
    "IPW": {
      "value": 0.00587648106738925,
      "ci_lower": 0.005377714595553105,
      "ci_upper": 0.006375247539225395
    },
    "SNIPW": {
      "value": 0.0061640325002372265,
      "ci_lower": 0.006164031775509259,
      "ci_upper": 0.006164033224965194
    },
    "DM": {
      "value": 0.0049643851816654205,
      "ci_lower": 0.004963270415308508,
      "ci_upper": 0.004965499948022333
    },
    "DR": {
      "value": 0.006095775868743658,
      "ci_lower": 0.005598389720474721,
      "ci_upper": 0.006593162017012595
    }
  },
  "Uplift-Only": {
    "IPW": {
      "value": 0.004411396104842424,
      "ci_lower": 0.003854269188210943,
      "ci_upper": 0.004968523021473906
    },
    "SNIPW": {
      "value": 0.004622661042958498,
      "ci_lower": 0.0046226602342344944,
      "ci_upper": 0.0046226618516825016
    },
    "DM": {
      "value": 0.0033237130846828222,
      "ci_lower": 0.0033229439034274727,
      "ci_upper": 0.003324482265938172
    },
    "DR": {
      "value": 0.0045303781516849995,
      "ci_lower": 0.003973822786291271,
      "ci_upper": 0.005086933517078728
    }
  }
}