{
  "GNN-Bandit": {
    "IPW": {
      "value": 0.013019111007452011,
      "ci_lower": 0.010088835113538573,
      "ci_upper": 0.015949386901365447
    },
    "SNIPW": {
      "value": 0.012881170958280563,
      "ci_lower": 0.012881157178610611,
      "ci_upper": 0.012881184737950515
    },
    "DM": {
      "value": 0.00708192540332675,
      "ci_lower": 0.007073213709666598,
      "ci_upper": 0.0070906370969869015
    },
    "DR": {
      "value": 0.012942113913595676,
      "ci_lower": 0.010027327079280364,
      "ci_upper": 0.01585690074791099
    }
  },
  "Random": {
    "IPW": {
      "value": 0.0066703143529593945,
      "ci_lower": 0.005645911910881039,
      "ci_upper": 0.00769471679503775
    },
    "SNIPW": {
      "value": 0.0069788433611392975,
      "ci_lower": 0.006978838267078885,
      "ci_upper": 0.00697884845519971
    },
    "DM": {
      "value": 0.005750041455030441,
      "ci_lower": 0.0057465975040201355,
      "ci_upper": 0.005753485406040747
    },
    "DR": {
      "value": 0.0068897828459739685,
      "ci_lower": 0.005869107112640243,
      "ci_upper": 0.007910458579307694
    }
  },
  "BTS": {
    "IPW": {
      "value": 0.008423038758337498,
      "ci_lower": 0.008053018521307758,
      "ci_upper": 0.008793058995367238
    },
    "SNIPW": {
      "value": 0.009319711476564407,
      "ci_lower": 0.009319709530687148,
      "ci_upper": 0.009319713422441667
    },
    "DM": {
      "value": 0.006266319192945957,
      "ci_lower": 0.006260384521871605,
      "ci_upper": 0.0062722538640203095
    },
    "DR": {
      "value": 0.007638001348823309,
      "ci_lower": 0.007268000181814739,
      "ci_upper": 0.008008002515831879
    }
  },
  "LinUCB": {
    "IPW": {
      "value": 0.0065973782911896706,
      "ci_lower": 0.00556741198737571,
      "ci_upper": 0.007627344595003631
    },
    "SNIPW": {
      "value": 0.0069100321270525455,
      "ci_lower": 0.006910026999760528,
      "ci_upper": 0.006910037254344563
    },
    "DM": {
      "value": 0.005721559282392263,
      "ci_lower": 0.00571819488390336,
      "ci_upper": 0.005724923680881167
    },
    "DR": {
      "value": 0.006821219343692064,
      "ci_lower": 0.005794990700354424,
      "ci_upper": 0.007847447987029705
    }
  },
  "NeuralUCB": {
    "IPW": {
      "value": 0.0067120203748345375,
      "ci_lower": 0.005668439158344311,
      "ci_upper": 0.007755601591324764
    },
    "SNIPW": {
      "value": 0.007019298616796732,
      "ci_lower": 0.007019293429715224,
      "ci_upper": 0.00701930380387824
    },
    "DM": {
      "value": 0.005791766569018364,
      "ci_lower": 0.005788286473960606,
      "ci_upper": 0.005795246664076122
    },
    "DR": {
      "value": 0.006931257899850607,
      "ci_lower": 0.005891632678069051,
      "ci_upper": 0.007970883121632162
    }
  },
  "DQN": {
    "IPW": {
      "value": 0.006674892734736204,
      "ci_lower": 0.005649699412080407,
      "ci_upper": 0.007700086057392001
    },
    "SNIPW": {
      "value": 0.0069835493341088295,
      "ci_lower": 0.006983544236177194,
      "ci_upper": 0.006983554432040465
    },
    "DM": {
      "value": 0.005754213780164719,
      "ci_lower": 0.00575076611001279,
      "ci_upper": 0.0057576614503166475
    },
    "DR": {
      "value": 0.006894533988088369,
      "ci_lower": 0.005873080172421794,
      "ci_upper": 0.007915987803754946
    }
  },
  "CQL": {
    "IPW": {
      "value": 0.010681170970201492,
      "ci_lower": 0.009614510061613464,
      "ci_upper": 0.01174783187878952
    },
    "SNIPW": {
      "value": 0.010552463121712208,
      "ci_lower": 0.010552458113096581,
      "ci_upper": 0.010552468130327834
    },
    "DM": {
      "value": 0.008685387670993805,
      "ci_lower": 0.008677606543726894,
      "ci_upper": 0.008693168798260716
    },
    "DR": {
      "value": 0.010593636892735958,
      "ci_lower": 0.009531697071926285,
      "ci_upper": 0.011655576713545631
    }
  },
  "IQL": {
    "IPW": {
      "value": 0.006724612787365913,
      "ci_lower": 0.00569599953179852,
      "ci_upper": 0.007753226042933306
    },
    "SNIPW": {
      "value": 0.007033250294625759,
      "ci_lower": 0.0070332451813734246,
      "ci_upper": 0.007033255407878094
    },
    "DM": {
      "value": 0.005782329943031073,
      "ci_lower": 0.005778834157339374,
      "ci_upper": 0.005785825728722771
    },
    "DR": {
      "value": 0.006941905710846186,
      "ci_lower": 0.005917081881789205,
      "ci_upper": 0.007966729539903166
    }
  },
  "MF-Bandit": {
    "IPW": {
      "value": 0.0080565782263875,
      "ci_lower": 0.006842781248256096,
      "ci_upper": 0.009270375204518904
    },
    "SNIPW": {
      "value": 0.008347530849277973,
      "ci_lower": 0.008347524871912584,
      "ci_upper": 0.008347536826643362
    },
    "DM": {
      "value": 0.0068281227722764015,
      "ci_lower": 0.006823633051768656,
      "ci_upper": 0.006832612492784147
    },
    "DR": {
      "value": 0.008242789655923843,
      "ci_lower": 0.007032046682785304,
      "ci_upper": 0.009453532629062383
    }
  },
  "Greedy-GNN": {
    "IPW": {
      "value": 0.011148059740662575,
      "ci_lower": 0.010183844895981663,
      "ci_upper": 0.012112274585343486
    },
    "SNIPW": {
      "value": 0.011054642498493195,
      "ci_lower": 0.011054637954103289,
      "ci_upper": 0.0110546470428831
    },
    "DM": {
      "value": 0.008086035959422588,
      "ci_lower": 0.00808003481338635,
      "ci_upper": 0.008092037105458827
    },
    "DR": {
      "value": 0.011101825162768364,
      "ci_lower": 0.010141567331561864,
      "ci_upper": 0.012062082993974864
    }
  },
  "Uplift-Only": {
    "IPW": {
      "value": 0.006670740898698568,
      "ci_lower": 0.00564634049415169,
      "ci_upper": 0.007695141303245447
    },
    "SNIPW": {
      "value": 0.006979404482990503,
      "ci_lower": 0.0069793993888567375,
      "ci_upper": 0.006979409577124269
    },
    "DM": {
      "value": 0.005750114563852549,
      "ci_lower": 0.005746671969123878,
      "ci_upper": 0.00575355715858122
    },
    "DR": {
      "value": 0.0068904017098248005,
      "ci_lower": 0.005869728459732563,
      "ci_upper": 0.007911074959917039
    }
  }
}