{
  "GNN-Bandit": {
    "IPW": {
      "value": 0.011654370464384556,
      "ci_lower": 0.009539908929981343,
      "ci_upper": 0.013768831998787768
    },
    "SNIPW": {
      "value": 0.011562786996364594,
      "ci_lower": 0.011562777025569565,
      "ci_upper": 0.011562796967159622
    },
    "DM": {
      "value": 0.011280093342065811,
      "ci_lower": 0.01126695282203323,
      "ci_upper": 0.011293233862098392
    },
    "DR": {
      "value": 0.01157933659851551,
      "ci_lower": 0.009475411012035103,
      "ci_upper": 0.013683262184995918
    }
  },
  "Random": {
    "IPW": {
      "value": 0.0066703143529593945,
      "ci_lower": 0.005645911910881039,
      "ci_upper": 0.00769471679503775
    },
    "SNIPW": {
      "value": 0.0069788433611392975,
      "ci_lower": 0.006978838267078885,
      "ci_upper": 0.00697884845519971
    },
    "DM": {
      "value": 0.009044775739312172,
      "ci_lower": 0.00903887152973136,
      "ci_upper": 0.009050679948892984
    },
    "DR": {
      "value": 0.007033479865640402,
      "ci_lower": 0.006011953017204941,
      "ci_upper": 0.008055006714075863
    }
  },
  "BTS": {
    "IPW": {
      "value": 0.008423038758337498,
      "ci_lower": 0.008053018521307758,
      "ci_upper": 0.008793058995367238
    },
    "SNIPW": {
      "value": 0.009319711476564407,
      "ci_lower": 0.009319709530687148,
      "ci_upper": 0.009319713422441667
    },
    "DM": {
      "value": 0.009436458349227905,
      "ci_lower": 0.009429285262940122,
      "ci_upper": 0.009443631435515689
    },
    "DR": {
      "value": 0.007913910783827305,
      "ci_lower": 0.00754385890138681,
      "ci_upper": 0.008283962666267798
    }
  },
  "LinUCB": {
    "IPW": {
      "value": 0.006593679077923298,
      "ci_lower": 0.005565596535632853,
      "ci_upper": 0.007621761620213743
    },
    "SNIPW": {
      "value": 0.00690618297085166,
      "ci_lower": 0.006906177852918783,
      "ci_upper": 0.006906188088784537
    },
    "DM": {
      "value": 0.009003551676869392,
      "ci_lower": 0.008997768687975367,
      "ci_upper": 0.009009334665763417
    },
    "DR": {
      "value": 0.006965156178921461,
      "ci_lower": 0.005939895554054058,
      "ci_upper": 0.007990416803788864
    }
  },
  "NeuralUCB": {
    "IPW": {
      "value": 0.006723103579133749,
      "ci_lower": 0.005681995289128237,
      "ci_upper": 0.007764211869139261
    },
    "SNIPW": {
      "value": 0.007035281043499708,
      "ci_lower": 0.007035275865477611,
      "ci_upper": 0.007035286221521805
    },
    "DM": {
      "value": 0.009094220586121082,
      "ci_lower": 0.00908825837305325,
      "ci_upper": 0.009100182799188915
    },
    "DR": {
      "value": 0.007089267019182444,
      "ci_lower": 0.006051284175117216,
      "ci_upper": 0.00812724986324767
    }
  },
  "DQN": {
    "IPW": {
      "value": 0.006674753036350012,
      "ci_lower": 0.0056501686172416,
      "ci_upper": 0.007699337455458423
    },
    "SNIPW": {
      "value": 0.006983096245676279,
      "ci_lower": 0.006983091150996004,
      "ci_upper": 0.006983101340356554
    },
    "DM": {
      "value": 0.009051067754626274,
      "ci_lower": 0.009045158299496285,
      "ci_upper": 0.009056977209756263
    },
    "DR": {
      "value": 0.007037687581032515,
      "ci_lower": 0.0060159784372027045,
      "ci_upper": 0.008059396724862325
    }
  },
  "CQL": {
    "IPW": {
      "value": 0.01074218563735485,
      "ci_lower": 0.009702491712558799,
      "ci_upper": 0.011781879562150903
    },
    "SNIPW": {
      "value": 0.010609361343085766,
      "ci_lower": 0.010609356462651409,
      "ci_upper": 0.010609366223520123
    },
    "DM": {
      "value": 0.011839657090604305,
      "ci_lower": 0.011829216206259482,
      "ci_upper": 0.011850097974949129
    },
    "DR": {
      "value": 0.010606635361909866,
      "ci_lower": 0.009572017310060634,
      "ci_upper": 0.011641253413759099
    }
  },
  "IQL": {
    "IPW": {
      "value": 0.006708130240440369,
      "ci_lower": 0.005684226547863913,
      "ci_upper": 0.0077320339330168245
    },
    "SNIPW": {
      "value": 0.007015131413936615,
      "ci_lower": 0.007015126324734542,
      "ci_upper": 0.007015136503138688
    },
    "DM": {
      "value": 0.009110407903790474,
      "ci_lower": 0.009104161338182185,
      "ci_upper": 0.009116654469398763
    },
    "DR": {
      "value": 0.007054533809423447,
      "ci_lower": 0.006032842175629769,
      "ci_upper": 0.008076225443217126
    }
  },
  "MF-Bandit": {
    "IPW": {
      "value": 0.00814281776547432,
      "ci_lower": 0.00691537773126312,
      "ci_upper": 0.009370257799685519
    },
    "SNIPW": {
      "value": 0.008436727337539196,
      "ci_lower": 0.008436721293101423,
      "ci_upper": 0.00843673338197697
    },
    "DM": {
      "value": 0.010544364340603352,
      "ci_lower": 0.010536617638465431,
      "ci_upper": 0.010552111042741272
    },
    "DR": {
      "value": 0.008481722325086594,
      "ci_lower": 0.007257749150683824,
      "ci_upper": 0.009705695499489363
    }
  },
  "Greedy-GNN": {
    "IPW": {
      "value": 0.01117272675037384,
      "ci_lower": 0.010173536404429877,
      "ci_upper": 0.012171917096317804
    },
    "SNIPW": {
      "value": 0.011080904863774776,
      "ci_lower": 0.011080900153777726,
      "ci_upper": 0.011080909573771827
    },
    "DM": {
      "value": 0.011614732444286346,
      "ci_lower": 0.011605577718855179,
      "ci_upper": 0.011623887169717514
    },
    "DR": {
      "value": 0.011108479462563992,
      "ci_lower": 0.0101141845406854,
      "ci_upper": 0.012102774384442584
    }
  },
  "Uplift-Only": {
    "IPW": {
      "value": 0.006670740898698568,
      "ci_lower": 0.00564634049415169,
      "ci_upper": 0.007695141303245447
    },
    "SNIPW": {
      "value": 0.006979404482990503,
      "ci_lower": 0.0069793993888567375,
      "ci_upper": 0.006979409577124269
    },
    "DM": {
      "value": 0.009044874459505081,
      "ci_lower": 0.009038972152150921,
      "ci_upper": 0.009050776766859241
    },
    "DR": {
      "value": 0.0070340619422495365,
      "ci_lower": 0.006012537386036987,
      "ci_upper": 0.008055586498462086
    }
  }
}