{
  "GNN-Bandit": {
    "IPW": {
      "value": 0.009907379746437073,
      "ci_lower": 0.008743744499816491,
      "ci_upper": 0.011071014993057654
    },
    "SNIPW": {
      "value": 0.009818864986300468,
      "ci_lower": 0.009818861270621551,
      "ci_upper": 0.009818868701979386
    },
    "DM": {
      "value": 0.008435459807515144,
      "ci_lower": 0.008429911915525013,
      "ci_upper": 0.008441007699505275
    },
    "DR": {
      "value": 0.00977054238319397,
      "ci_lower": 0.008610111541445583,
      "ci_upper": 0.010930973224942356
    }
  },
  "Random": {
    "IPW": {
      "value": 0.006012766622006893,
      "ci_lower": 0.004996075703136027,
      "ci_upper": 0.0070294575408777595
    },
    "SNIPW": {
      "value": 0.006614877842366695,
      "ci_lower": 0.006614874238610537,
      "ci_upper": 0.0066148814461228535
    },
    "DM": {
      "value": 0.004639321472495794,
      "ci_lower": 0.004637848186699653,
      "ci_upper": 0.0046407947582919355
    },
    "DR": {
      "value": 0.006290673278272152,
      "ci_lower": 0.005279250723108278,
      "ci_upper": 0.007302095833436026
    }
  },
  "BTS": {
    "IPW": {
      "value": 0.007492853794246912,
      "ci_lower": 0.007199616619988024,
      "ci_upper": 0.0077860909685058
    },
    "SNIPW": {
      "value": 0.008007456548511982,
      "ci_lower": 0.008007455538828732,
      "ci_upper": 0.008007457558195232
    },
    "DM": {
      "value": 0.004791145212948322,
      "ci_lower": 0.0047894862632759895,
      "ci_upper": 0.004792804162620655
    },
    "DR": {
      "value": 0.006539554335176945,
      "ci_lower": 0.006246329139952696,
      "ci_upper": 0.006832779530401193
    }
  },
  "LinUCB": {
    "IPW": {
      "value": 0.005844184197485447,
      "ci_lower": 0.004865447788270042,
      "ci_upper": 0.0068229206067008516
    },
    "SNIPW": {
      "value": 0.006486387923359871,
      "ci_lower": 0.006486384423395514,
      "ci_upper": 0.0064863914233242274
    },
    "DM": {
      "value": 0.004567451309412718,
      "ci_lower": 0.004565967749919242,
      "ci_upper": 0.004568934868906194
    },
    "DR": {
      "value": 0.006137074902653694,
      "ci_lower": 0.005163254039188508,
      "ci_upper": 0.00711089576611888
    }
  },
  "NeuralUCB": {
    "IPW": {
      "value": 0.0060883089900016785,
      "ci_lower": 0.005058041342576051,
      "ci_upper": 0.007118576637427306
    },
    "SNIPW": {
      "value": 0.006680864375084639,
      "ci_lower": 0.006680860732539544,
      "ci_upper": 0.006680868017629733
    },
    "DM": {
      "value": 0.0046869064681231976,
      "ci_lower": 0.00468541850577748,
      "ci_upper": 0.004688394430468915
    },
    "DR": {
      "value": 0.006362238433212042,
      "ci_lower": 0.005337345152154417,
      "ci_upper": 0.007387131714269667
    }
  },
  "DQN": {
    "IPW": {
      "value": 0.006017331965267658,
      "ci_lower": 0.004999342277888452,
      "ci_upper": 0.007035321652646864
    },
    "SNIPW": {
      "value": 0.006618528161197901,
      "ci_lower": 0.006618524553586447,
      "ci_upper": 0.006618531768809354
    },
    "DM": {
      "value": 0.004642666317522526,
      "ci_lower": 0.004641191979137523,
      "ci_upper": 0.0046441406559075285
    },
    "DR": {
      "value": 0.00629498902708292,
      "ci_lower": 0.00528228080957552,
      "ci_upper": 0.00730769724459032
    }
  },
  "CQL": {
    "IPW": {
      "value": 0.009161231108009815,
      "ci_lower": 0.00807518676861832,
      "ci_upper": 0.01024727544740131
    },
    "SNIPW": {
      "value": 0.009463115595281124,
      "ci_lower": 0.009463111980793413,
      "ci_upper": 0.009463119209768835
    },
    "DM": {
      "value": 0.0064613837748765945,
      "ci_lower": 0.006458579065231387,
      "ci_upper": 0.006464188484521802
    },
    "DR": {
      "value": 0.009371843189001083,
      "ci_lower": 0.008290912350873147,
      "ci_upper": 0.01045277402712902
    }
  },
  "IQL": {
    "IPW": {
      "value": 0.006073315627872944,
      "ci_lower": 0.005046620825824742,
      "ci_upper": 0.007100010429921146
    },
    "SNIPW": {
      "value": 0.006666382309049368,
      "ci_lower": 0.0066663786780629605,
      "ci_upper": 0.006666385940035775
    },
    "DM": {
      "value": 0.004672695882618427,
      "ci_lower": 0.004671199646801388,
      "ci_upper": 0.004674192118435467
    },
    "DR": {
      "value": 0.006348836235702038,
      "ci_lower": 0.005327509928460002,
      "ci_upper": 0.007370162542944074
    }
  },
  "MF-Bandit": {
    "IPW": {
      "value": 0.008312653750181198,
      "ci_lower": 0.006857726022036728,
      "ci_upper": 0.009767581478325668
    },
    "SNIPW": {
      "value": 0.008638949133455753,
      "ci_lower": 0.008638944261743744,
      "ci_upper": 0.008638954005167763
    },
    "DM": {
      "value": 0.0059807454235851765,
      "ci_lower": 0.005978371907581462,
      "ci_upper": 0.005983118939588891
    },
    "DR": {
      "value": 0.008532310836017132,
      "ci_lower": 0.007085572783291881,
      "ci_upper": 0.009979048888742383
    }
  },
  "Greedy-GNN": {
    "IPW": {
      "value": 0.009285557083785534,
      "ci_lower": 0.008191330198728478,
      "ci_upper": 0.01037978396884259
    },
    "SNIPW": {
      "value": 0.00949067808687687,
      "ci_lower": 0.009490674483451485,
      "ci_upper": 0.009490681690302254
    },
    "DM": {
      "value": 0.006592036224901676,
      "ci_lower": 0.006589204180916264,
      "ci_upper": 0.006594868268887088
    },
    "DR": {
      "value": 0.009426519274711609,
      "ci_lower": 0.008337110844935835,
      "ci_upper": 0.010515927704487383
    }
  },
  "Uplift-Only": {
    "IPW": {
      "value": 0.006018892861902714,
      "ci_lower": 0.005001996648066212,
      "ci_upper": 0.007035789075739216
    },
    "SNIPW": {
      "value": 0.006621554959565401,
      "ci_lower": 0.0066215513551168975,
      "ci_upper": 0.006621558564013905
    },
    "DM": {
      "value": 0.004639317747205496,
      "ci_lower": 0.004637844183722488,
      "ci_upper": 0.004640791310688504
    },
    "DR": {
      "value": 0.006296778097748756,
      "ci_lower": 0.005285149828221973,
      "ci_upper": 0.00730840636727554
    }
  }
}