{
  "GNN-Bandit": {
    "IPW": {
      "value": 0.012909667566418648,
      "ci_lower": 0.011531210410910046,
      "ci_upper": 0.01428812472192725
    },
    "SNIPW": {
      "value": 0.012778706848621368,
      "ci_lower": 0.012778700363450454,
      "ci_upper": 0.012778713333792283
    },
    "DM": {
      "value": 0.011375032365322113,
      "ci_lower": 0.011362524275958191,
      "ci_upper": 0.011387540454686035
    },
    "DR": {
      "value": 0.01284369919449091,
      "ci_lower": 0.011470197060843387,
      "ci_upper": 0.014217201328138432
    }
  },
  "Random": {
    "IPW": {
      "value": 0.0066703143529593945,
      "ci_lower": 0.005645911910881039,
      "ci_upper": 0.00769471679503775
    },
    "SNIPW": {
      "value": 0.0069788433611392975,
      "ci_lower": 0.006978838267078885,
      "ci_upper": 0.00697884845519971
    },
    "DM": {
      "value": 0.007198831997811794,
      "ci_lower": 0.007192887228620014,
      "ci_upper": 0.007204776767003575
    },
    "DR": {
      "value": 0.006940782535821199,
      "ci_lower": 0.005919704581039306,
      "ci_upper": 0.007961860490603092
    }
  },
  "BTS": {
    "IPW": {
      "value": 0.008423038758337498,
      "ci_lower": 0.008053018521307758,
      "ci_upper": 0.008793058995367238
    },
    "SNIPW": {
      "value": 0.009319711476564407,
      "ci_lower": 0.009319709530687148,
      "ci_upper": 0.009319713422441667
    },
    "DM": {
      "value": 0.007559893187135458,
      "ci_lower": 0.007552658616743529,
      "ci_upper": 0.007567127757527387
    },
    "DR": {
      "value": 0.007868471555411816,
      "ci_lower": 0.007498448707794871,
      "ci_upper": 0.00823849440302876
    }
  },
  "LinUCB": {
    "IPW": {
      "value": 0.006593388970941305,
      "ci_lower": 0.0055662506971448185,
      "ci_upper": 0.007620527244737792
    },
    "SNIPW": {
      "value": 0.006905898451805115,
      "ci_lower": 0.00690589333855861,
      "ci_upper": 0.00690590356505162
    },
    "DM": {
      "value": 0.0071582430973649025,
      "ci_lower": 0.0071523984373277096,
      "ci_upper": 0.0071640877574020954
    },
    "DR": {
      "value": 0.006870416924357414,
      "ci_lower": 0.0058465609864249545,
      "ci_upper": 0.007894272862289874
    }
  },
  "NeuralUCB": {
    "IPW": {
      "value": 0.006712069269269705,
      "ci_lower": 0.0056876204733502436,
      "ci_upper": 0.007736518065189166
    },
    "SNIPW": {
      "value": 0.007020445540547371,
      "ci_lower": 0.0070204404477684605,
      "ci_upper": 0.007020450633326281
    },
    "DM": {
      "value": 0.007231562864035368,
      "ci_lower": 0.007225572430460154,
      "ci_upper": 0.007237553297610582
    },
    "DR": {
      "value": 0.0069795516319572926,
      "ci_lower": 0.005958432799200138,
      "ci_upper": 0.008000670464714447
    }
  },
  "DQN": {
    "IPW": {
      "value": 0.006675798445940018,
      "ci_lower": 0.005650963728824206,
      "ci_upper": 0.007700633163055829
    },
    "SNIPW": {
      "value": 0.006984255276620388,
      "ci_lower": 0.00698425018064841,
      "ci_upper": 0.006984260372592366
    },
    "DM": {
      "value": 0.0072036441415548325,
      "ci_lower": 0.007197693745274168,
      "ci_upper": 0.007209594537835497
    },
    "DR": {
      "value": 0.006946229375898838,
      "ci_lower": 0.005924727232532538,
      "ci_upper": 0.007967731519265138
    }
  },
  "CQL": {
    "IPW": {
      "value": 0.010692953132092953,
      "ci_lower": 0.009646387759735812,
      "ci_upper": 0.011739518504450094
    },
    "SNIPW": {
      "value": 0.010566899552941322,
      "ci_lower": 0.010566894637385655,
      "ci_upper": 0.01056690446849699
    },
    "DM": {
      "value": 0.009913668036460876,
      "ci_lower": 0.009903159501693501,
      "ci_upper": 0.009924176571228252
    },
    "DR": {
      "value": 0.010580348782241344,
      "ci_lower": 0.0095390355293038,
      "ci_upper": 0.011621662035178889
    }
  },
  "IQL": {
    "IPW": {
      "value": 0.006722439546138048,
      "ci_lower": 0.005689321244801741,
      "ci_upper": 0.007755557847474355
    },
    "SNIPW": {
      "value": 0.007024551276117563,
      "ci_lower": 0.0070245461451641815,
      "ci_upper": 0.007024556407070945
    },
    "DM": {
      "value": 0.007247741799801588,
      "ci_lower": 0.007241747402590923,
      "ci_upper": 0.007253736197012253
    },
    "DR": {
      "value": 0.006986886728554964,
      "ci_lower": 0.00595727559194662,
      "ci_upper": 0.008016497865163308
    }
  },
  "MF-Bandit": {
    "IPW": {
      "value": 0.00817270576953888,
      "ci_lower": 0.006944450468045371,
      "ci_upper": 0.009400961071032388
    },
    "SNIPW": {
      "value": 0.008454650640487671,
      "ci_lower": 0.008454644601351759,
      "ci_upper": 0.008454656679623583
    },
    "DM": {
      "value": 0.008349348790943623,
      "ci_lower": 0.008341867970745261,
      "ci_upper": 0.008356829611141984
    },
    "DR": {
      "value": 0.008419680409133434,
      "ci_lower": 0.007195408736369258,
      "ci_upper": 0.009643952081897611
    }
  },
  "Greedy-GNN": {
    "IPW": {
      "value": 0.011239561252295971,
      "ci_lower": 0.010286107630111811,
      "ci_upper": 0.012193014874480131
    },
    "SNIPW": {
      "value": 0.011145523749291897,
      "ci_lower": 0.01114551925556163,
      "ci_upper": 0.011145528243022163
    },
    "DM": {
      "value": 0.009825724177062511,
      "ci_lower": 0.009816543763612427,
      "ci_upper": 0.009834904590512596
    },
    "DR": {
      "value": 0.01117748860269785,
      "ci_lower": 0.010228487687192785,
      "ci_upper": 0.012126489518202914
    }
  },
  "Uplift-Only": {
    "IPW": {
      "value": 0.006670740898698568,
      "ci_lower": 0.00564634049415169,
      "ci_upper": 0.007695141303245447
    },
    "SNIPW": {
      "value": 0.006979404482990503,
      "ci_lower": 0.0069793993888567375,
      "ci_upper": 0.006979409577124269
    },
    "DM": {
      "value": 0.007198934908956289,
      "ci_lower": 0.007192991529126182,
      "ci_upper": 0.007204878288786396
    },
    "DR": {
      "value": 0.006941416300833225,
      "ci_lower": 0.0059203408929656785,
      "ci_upper": 0.007962491708700772
    }
  }
}