{
  "GNN-Bandit": {
    "IPW": {
      "value": 0.004908551461994648,
      "ci_lower": 0.004232757830947557,
      "ci_upper": 0.005584345093041739
    },
    "SNIPW": {
      "value": 0.00547181349247694,
      "ci_lower": 0.0054718124489055225,
      "ci_upper": 0.005471814536048358
    },
    "DM": {
      "value": 0.005418064072728157,
      "ci_lower": 0.005413365409776222,
      "ci_upper": 0.005422762735680092
    },
    "DR": {
      "value": 0.005480926018208265,
      "ci_lower": 0.004806289308341051,
      "ci_upper": 0.00615556272807548
    }
  },
  "Random": {
    "IPW": {
      "value": 0.004411494359374046,
      "ci_lower": 0.003854367717741657,
      "ci_upper": 0.004968621001006436
    },
    "SNIPW": {
      "value": 0.004622761160135269,
      "ci_lower": 0.004622760351412314,
      "ci_upper": 0.004622761968858224
    },
    "DM": {
      "value": 0.00351274898275733,
      "ci_lower": 0.0035120034841203142,
      "ci_upper": 0.0035134944813943456
    },
    "DR": {
      "value": 0.004527833312749863,
      "ci_lower": 0.003971509874715316,
      "ci_upper": 0.00508415675078441
    }
  },
  "BTS": {
    "IPW": {
      "value": 0.00527306878939271,
      "ci_lower": 0.005110664088148789,
      "ci_upper": 0.005435473490636631
    },
    "SNIPW": {
      "value": 0.005573214963078499,
      "ci_lower": 0.005573214725300777,
      "ci_upper": 0.005573215200856221
    },
    "DM": {
      "value": 0.003607913153246045,
      "ci_lower": 0.003607127231219557,
      "ci_upper": 0.0036086990752725334
    },
    "DR": {
      "value": 0.004468023777008057,
      "ci_lower": 0.004305615157027076,
      "ci_upper": 0.004630432396989037
    }
  },
  "LinUCB": {
    "IPW": {
      "value": 0.004361286293715239,
      "ci_lower": 0.003802562938605155,
      "ci_upper": 0.004920009648825322
    },
    "SNIPW": {
      "value": 0.004584430251270533,
      "ci_lower": 0.004584429437695251,
      "ci_upper": 0.004584431064845814
    },
    "DM": {
      "value": 0.0034821468871086836,
      "ci_lower": 0.00348137841691666,
      "ci_upper": 0.0034829153573007073
    },
    "DR": {
      "value": 0.0044844080694019794,
      "ci_lower": 0.003926462033600208,
      "ci_upper": 0.005042354105203751
    }
  },
  "NeuralUCB": {
    "IPW": {
      "value": 0.0044228206388652325,
      "ci_lower": 0.0038661407332577324,
      "ci_upper": 0.004979500544472732
    },
    "SNIPW": {
      "value": 0.004634003154933453,
      "ci_lower": 0.004634002346968034,
      "ci_upper": 0.004634003962898871
    },
    "DM": {
      "value": 0.0035313530825078487,
      "ci_lower": 0.0035306018529327253,
      "ci_upper": 0.003532104312082972
    },
    "DR": {
      "value": 0.004540391266345978,
      "ci_lower": 0.003984523433057037,
      "ci_upper": 0.005096259099634919
    }
  },
  "DQN": {
    "IPW": {
      "value": 0.004413166549056768,
      "ci_lower": 0.0038562314786668157,
      "ci_upper": 0.004970101619446721
    },
    "SNIPW": {
      "value": 0.0046242172829806805,
      "ci_lower": 0.004624216474587517,
      "ci_upper": 0.004624218091373844
    },
    "DM": {
      "value": 0.0035147357266396284,
      "ci_lower": 0.0035139875985252113,
      "ci_upper": 0.0035154838547540456
    },
    "DR": {
      "value": 0.004528921563178301,
      "ci_lower": 0.003972784368278784,
      "ci_upper": 0.0050850587580778175
    }
  },
  "CQL": {
    "IPW": {
      "value": 0.005653311498463154,
      "ci_lower": 0.005281209849008076,
      "ci_upper": 0.006025413147918232
    },
    "SNIPW": {
      "value": 0.005853268783539534,
      "ci_lower": 0.005853268249851698,
      "ci_upper": 0.005853269317227369
    },
    "DM": {
      "value": 0.005201621912419796,
      "ci_lower": 0.005199910104436887,
      "ci_upper": 0.005203333720402705
    },
    "DR": {
      "value": 0.005838761106133461,
      "ci_lower": 0.005467311548275193,
      "ci_upper": 0.006210210663991729
    }
  },
  "IQL": {
    "IPW": {
      "value": 0.00442681135609746,
      "ci_lower": 0.003870764842148517,
      "ci_upper": 0.004982857870046402
    },
    "SNIPW": {
      "value": 0.004636713769286871,
      "ci_lower": 0.004636712962496703,
      "ci_upper": 0.004636714576077039
    },
    "DM": {
      "value": 0.0035441042855381966,
      "ci_lower": 0.0035407400304359416,
      "ci_upper": 0.0035474685406404515
    },
    "DR": {
      "value": 0.00455466378480196,
      "ci_lower": 0.003999407411993992,
      "ci_upper": 0.005109920157609928
    }
  },
  "MF-Bandit": {
    "IPW": {
      "value": 0.005221057217568159,
      "ci_lower": 0.004661486143382222,
      "ci_upper": 0.005780628291754096
    },
    "SNIPW": {
      "value": 0.005434561986476183,
      "ci_lower": 0.00543456117962858,
      "ci_upper": 0.0054345627933237856
    },
    "DM": {
      "value": 0.004380373749881983,
      "ci_lower": 0.004379589483623953,
      "ci_upper": 0.0043811580161400125
    },
    "DR": {
      "value": 0.005377684719860554,
      "ci_lower": 0.0048197031060512605,
      "ci_upper": 0.005935666333669847
    }
  },
  "Greedy-GNN": {
    "IPW": {
      "value": 0.005850004963576794,
      "ci_lower": 0.005361887419078169,
      "ci_upper": 0.006338122508075418
    },
    "SNIPW": {
      "value": 0.006137709598988295,
      "ci_lower": 0.006137708889566254,
      "ci_upper": 0.006137710308410335
    },
    "DM": {
      "value": 0.0054245456121861935,
      "ci_lower": 0.005423592702735019,
      "ci_upper": 0.005425498521637368
    },
    "DR": {
      "value": 0.006101686507463455,
      "ci_lower": 0.0056147487434442265,
      "ci_upper": 0.006588624271482684
    }
  },
  "Uplift-Only": {
    "IPW": {
      "value": 0.004411396104842424,
      "ci_lower": 0.003854269188210943,
      "ci_upper": 0.004968523021473906
    },
    "SNIPW": {
      "value": 0.004622661042958498,
      "ci_lower": 0.0046226602342344944,
      "ci_upper": 0.0046226618516825016
    },
    "DM": {
      "value": 0.003513270989060402,
      "ci_lower": 0.003512503867142735,
      "ci_upper": 0.003514038110978069
    },
    "DR": {
      "value": 0.004527837969362736,
      "ci_lower": 0.003971511265713972,
      "ci_upper": 0.005084164673011499
    }
  }
}