{
  "Full GNN-Bandit": {
    "IPW": {
      "value": 0.010085142217576504,
      "std": 0.4672253429889679,
      "ci_lower": 0.008974292935391991,
      "ci_upper": 0.011195991499761016
    },
    "SNIPW": {
      "value": 0.010073051787912846,
      "std": 6.866742978672846e-07,
      "ci_lower": 0.010073050155313797,
      "ci_upper": 0.010073053420511895
    },
    "DM": {
      "value": 0.011571956798434258,
      "std": 0.04263891279697418,
      "ci_lower": 0.011470580864135323,
      "ci_upper": 0.011673332732733192
    },
    "DR": {
      "value": 0.010911990888416767,
      "std": 0.5315548181533813,
      "ci_lower": 0.009648195383639653,
      "ci_upper": 0.012175786393193881
    }
  },
  "No-Graph (BCQ only)": {
    "IPW": {
      "value": 0.006720987148582935,
      "std": 0.22803835570812225,
      "ci_lower": 0.006178815694165735,
      "ci_upper": 0.0072631586030001355
    },
    "SNIPW": {
      "value": 0.006920005194842815,
      "std": 3.454829595739284e-07,
      "ci_lower": 0.006920004373441529,
      "ci_upper": 0.006920006016244102
    },
    "DM": {
      "value": 0.006406574510037899,
      "std": 0.01412208005785942,
      "ci_lower": 0.00637299862908318,
      "ci_upper": 0.006440150390992618
    },
    "DR": {
      "value": 0.006940998136997223,
      "std": 0.2592431902885437,
      "ci_lower": 0.0063246357838744995,
      "ci_upper": 0.007557360490119946
    }
  },
  "No-Constraint (GNN+DQN)": {
    "IPW": {
      "value": 0.005773206241428852,
      "std": 0.20766624808311462,
      "ci_lower": 0.005279470389813188,
      "ci_upper": 0.006266942093044516
    },
    "SNIPW": {
      "value": 0.005990059580653906,
      "std": 3.1704823300060525e-07,
      "ci_lower": 0.005990058826857462,
      "ci_upper": 0.0059900603344503495
    },
    "DM": {
      "value": 0.004768101964145899,
      "std": 0.004473784007132053,
      "ci_lower": 0.00475746534130952,
      "ci_upper": 0.004778738586982277
    },
    "DR": {
      "value": 0.005983672104775906,
      "std": 0.20863737165927887,
      "ci_lower": 0.005487627363148854,
      "ci_upper": 0.006479716846402957
    }
  },
  "Minimal (Context+DQN)": {
    "IPW": {
      "value": 0.0057794577442109585,
      "std": 0.20778001844882965,
      "ci_lower": 0.005285451398430145,
      "ci_upper": 0.006273464089991772
    },
    "SNIPW": {
      "value": 0.005996466148644686,
      "std": 3.172177400756482e-07,
      "ci_lower": 0.005996465394445231,
      "ci_upper": 0.00599646690284414
    },
    "DM": {
      "value": 0.005012630484998226,
      "std": 0.004492864478379488,
      "ci_lower": 0.005001948497482669,
      "ci_upper": 0.005023312472513784
    },
    "DR": {
      "value": 0.005978884641081095,
      "std": 0.20927725732326508,
      "ci_lower": 0.005481318542487463,
      "ci_upper": 0.006476450739674727
    }
  }
}