{
  "Full GNN-Bandit": {
    "IPW": {
      "value": 0.009238746017217636,
      "std": 0.5545089840888977,
      "ci_lower": 0.007920375949790536,
      "ci_upper": 0.010557116084644736
    },
    "SNIPW": {
      "value": 0.00921361893415451,
      "std": 8.137128020280215e-07,
      "ci_lower": 0.0092136169995157,
      "ci_upper": 0.00921362086879332
    },
    "DM": {
      "value": 0.012098614126443863,
      "std": 0.046651773154735565,
      "ci_lower": 0.011987697436030526,
      "ci_upper": 0.0122095308168572
    },
    "DR": {
      "value": 0.009954570792615414,
      "std": 0.6226861476898193,
      "ci_lower": 0.008474106450158272,
      "ci_upper": 0.011435035135072555
    }
  },
  "No-Graph (BCQ only)": {
    "IPW": {
      "value": 0.006636349018663168,
      "std": 0.24340222775936127,
      "ci_lower": 0.006057649266935484,
      "ci_upper": 0.007215048770390852
    },
    "SNIPW": {
      "value": 0.006849793717265129,
      "std": 3.6967333016946213e-07,
      "ci_lower": 0.006849792838350148,
      "ci_upper": 0.00684979459618011
    },
    "DM": {
      "value": 0.005887885577976704,
      "std": 0.01197414193302393,
      "ci_lower": 0.005859416516589789,
      "ci_upper": 0.005916354639363618
    },
    "DR": {
      "value": 0.0068054478615522385,
      "std": 0.25988224148750305,
      "ci_lower": 0.006187566135441094,
      "ci_upper": 0.007423329587663383
    }
  },
  "No-Constraint (GNN+DQN)": {
    "IPW": {
      "value": 0.0057753450237214565,
      "std": 0.20769734680652618,
      "ci_lower": 0.005281535233491167,
      "ci_upper": 0.006269154813951746
    },
    "SNIPW": {
      "value": 0.0059917643666267395,
      "std": 3.170684692577197e-07,
      "ci_lower": 0.005991763612782183,
      "ci_upper": 0.005991765120471296
    },
    "DM": {
      "value": 0.00505715049803257,
      "std": 0.004295799881219864,
      "ci_lower": 0.00504693704046639,
      "ci_upper": 0.0050673639555987495
    },
    "DR": {
      "value": 0.005953110754489899,
      "std": 0.20913809537887573,
      "ci_lower": 0.005455875519682557,
      "ci_upper": 0.00645034598929724
    }
  },
  "Minimal (Context+DQN)": {
    "IPW": {
      "value": 0.0057755992747843266,
      "std": 0.2078925371170044,
      "ci_lower": 0.005281325410805603,
      "ci_upper": 0.00626987313876305
    },
    "SNIPW": {
      "value": 0.005992555525153875,
      "std": 3.1739438099975814e-07,
      "ci_lower": 0.005992554770534449,
      "ci_upper": 0.005992556279773301
    },
    "DM": {
      "value": 0.004759045317769051,
      "std": 0.004291785880923271,
      "ci_lower": 0.0047488414036692414,
      "ci_upper": 0.00476924923186886
    },
    "DR": {
      "value": 0.005948527716100216,
      "std": 0.2093951404094696,
      "ci_lower": 0.005450681345163362,
      "ci_upper": 0.00644637408703707
    }
  }
}