{
  "Full GNN-Bandit": {
    "IPW": {
      "value": 0.008850909769535065,
      "std": 0.3955405056476593,
      "ci_lower": 0.007910494414574372,
      "ci_upper": 0.009791325124495757
    },
    "SNIPW": {
      "value": 0.008853561244904995,
      "std": 5.821922854920558e-07,
      "ci_lower": 0.008853559860716632,
      "ci_upper": 0.008853562629093358
    },
    "DM": {
      "value": 0.011308016255497932,
      "std": 0.044402286410331726,
      "ci_lower": 0.011202447821065999,
      "ci_upper": 0.011413584689929866
    },
    "DR": {
      "value": 0.009422745555639267,
      "std": 0.49253132939338684,
      "ci_lower": 0.008251730151787455,
      "ci_upper": 0.01059376095949108
    }
  },
  "No-Graph (BCQ only)": {
    "IPW": {
      "value": 0.006589445285499096,
      "std": 0.22039936482906342,
      "ci_lower": 0.006065435875718282,
      "ci_upper": 0.00711345469527991
    },
    "SNIPW": {
      "value": 0.0067741526290774345,
      "std": 3.333971108077094e-07,
      "ci_lower": 0.006774151836410798,
      "ci_upper": 0.006774153421744071
    },
    "DM": {
      "value": 0.005891845095902681,
      "std": 0.01440566498786211,
      "ci_lower": 0.005857594979013078,
      "ci_upper": 0.005926095212792285
    },
    "DR": {
      "value": 0.00689256377518177,
      "std": 0.24035407602787018,
      "ci_lower": 0.006321111141389203,
      "ci_upper": 0.0074640164089743374
    }
  },
  "No-Constraint (GNN+DQN)": {
    "IPW": {
      "value": 0.0057771699503064156,
      "std": 0.20776920020580292,
      "ci_lower": 0.005283189325385314,
      "ci_upper": 0.006271150575227517
    },
    "SNIPW": {
      "value": 0.005993739236146212,
      "std": 3.171824971559545e-07,
      "ci_lower": 0.0059937384820305485,
      "ci_upper": 0.005993739990261875
    },
    "DM": {
      "value": 0.004184560384601355,
      "std": 0.004238794092088938,
      "ci_lower": 0.004174482460864593,
      "ci_upper": 0.004194638308338116
    },
    "DR": {
      "value": 0.005944158416241407,
      "std": 0.20905180275440216,
      "ci_lower": 0.005447128346032675,
      "ci_upper": 0.00644118848645014
    }
  },
  "Minimal (Context+DQN)": {
    "IPW": {
      "value": 0.005775180645287037,
      "std": 0.2076757699251175,
      "ci_lower": 0.005281422155063445,
      "ci_upper": 0.006268939135510629
    },
    "SNIPW": {
      "value": 0.00599173828959465,
      "std": 3.1704320235803607e-07,
      "ci_lower": 0.005991737535810167,
      "ci_upper": 0.005991739043379134
    },
    "DM": {
      "value": 0.004760852549225092,
      "std": 0.004515739157795906,
      "ci_lower": 0.004750116176129662,
      "ci_upper": 0.004771588922320522
    },
    "DR": {
      "value": 0.00598320085555315,
      "std": 0.2095073163509369,
      "ci_lower": 0.005485087781266559,
      "ci_upper": 0.0064813139298397415
    }
  }
}