{
  "Full GNN-Bandit": {
    "IPW": {
      "value": 0.00985532347112894,
      "std": 0.5546314716339111,
      "ci_lower": 0.00853666218405056,
      "ci_upper": 0.011173984758207321
    },
    "SNIPW": {
      "value": 0.009861819446086884,
      "std": 8.166501288542349e-07,
      "ci_lower": 0.009861817504464446,
      "ci_upper": 0.009861821387709321
    },
    "DM": {
      "value": 0.011769892647862434,
      "std": 0.04680955410003662,
      "ci_lower": 0.01165860082615012,
      "ci_upper": 0.011881184469574748
    },
    "DR": {
      "value": 0.010583793744444847,
      "std": 0.6234675049781799,
      "ci_lower": 0.009101471689866714,
      "ci_upper": 0.01206611579902298
    }
  },
  "No-Graph (BCQ only)": {
    "IPW": {
      "value": 0.006791192106902599,
      "std": 0.2290804088115692,
      "ci_lower": 0.006246543124330447,
      "ci_upper": 0.0073358410894747515
    },
    "SNIPW": {
      "value": 0.006971305701881647,
      "std": 3.460201867255819e-07,
      "ci_lower": 0.0069713048792030795,
      "ci_upper": 0.006971306524560215
    },
    "DM": {
      "value": 0.0059718359261751175,
      "std": 0.012247486971318722,
      "ci_lower": 0.005942716974656739,
      "ci_upper": 0.006000954877693496
    },
    "DR": {
      "value": 0.007061289623379707,
      "std": 0.24352604150772095,
      "ci_lower": 0.006482295498892596,
      "ci_upper": 0.007640283747866818
    }
  },
  "No-Constraint (GNN+DQN)": {
    "IPW": {
      "value": 0.005774855613708496,
      "std": 0.20765595138072968,
      "ci_lower": 0.005281144242966194,
      "ci_upper": 0.006268566984450798
    },
    "SNIPW": {
      "value": 0.005991556216031313,
      "std": 3.170211471115181e-07,
      "ci_lower": 0.0059915554622992665,
      "ci_upper": 0.005991556969763359
    },
    "DM": {
      "value": 0.005546421743929386,
      "std": 0.005056885536760092,
      "ci_lower": 0.005534398770961646,
      "ci_upper": 0.005558444716897126
    },
    "DR": {
      "value": 0.00600313488394022,
      "std": 0.20933613181114197,
      "ci_lower": 0.005505428808601793,
      "ci_upper": 0.006500840959278647
    }
  },
  "Minimal (Context+DQN)": {
    "IPW": {
      "value": 0.005777756217867136,
      "std": 0.20793557167053223,
      "ci_lower": 0.005283380037300469,
      "ci_upper": 0.006272132398433803
    },
    "SNIPW": {
      "value": 0.005994635634124279,
      "std": 3.174517360093887e-07,
      "ci_lower": 0.005994634879368488,
      "ci_upper": 0.00599463638888007
    },
    "DM": {
      "value": 0.004771601874381304,
      "std": 0.004356795456260443,
      "ci_lower": 0.004761243397090131,
      "ci_upper": 0.004781960351672477
    },
    "DR": {
      "value": 0.005966438911855221,
      "std": 0.20963379740715027,
      "ci_lower": 0.005468025123164728,
      "ci_upper": 0.0064648527005457136
    }
  }
}