{
  "Full GNN-Bandit": {
    "IPW": {
      "value": 0.009408531710505486,
      "std": 0.39739370346069336,
      "ci_lower": 0.00846371029433419,
      "ci_upper": 0.010353353126676781
    },
    "SNIPW": {
      "value": 0.009439646266400814,
      "std": 5.866784817953885e-07,
      "ci_lower": 0.009439644871546318,
      "ci_upper": 0.00943964766125531
    },
    "DM": {
      "value": 0.012710023671388626,
      "std": 0.04471297562122345,
      "ci_lower": 0.012603716559374065,
      "ci_upper": 0.012816330783403187
    },
    "DR": {
      "value": 0.0099174864590168,
      "std": 0.4842687249183655,
      "ci_lower": 0.008766115769193844,
      "ci_upper": 0.011068857148839756
    }
  },
  "No-Graph (BCQ only)": {
    "IPW": {
      "value": 0.006534914951771498,
      "std": 0.24035939574241638,
      "ci_lower": 0.005963449670118163,
      "ci_upper": 0.007106380233424832
    },
    "SNIPW": {
      "value": 0.006721825338900089,
      "std": 3.6379250900608895e-07,
      "ci_lower": 0.006721824473967025,
      "ci_upper": 0.006721826203833154
    },
    "DM": {
      "value": 0.006232779938727617,
      "std": 0.013284511864185333,
      "ci_lower": 0.006201195413851255,
      "ci_upper": 0.0062643644636039796
    },
    "DR": {
      "value": 0.006777997128665447,
      "std": 0.25923261046409607,
      "ci_lower": 0.006161659929551533,
      "ci_upper": 0.007394334327779362
    }
  },
  "No-Constraint (GNN+DQN)": {
    "IPW": {
      "value": 0.005774546414613724,
      "std": 0.20772482454776764,
      "ci_lower": 0.005280671294816894,
      "ci_upper": 0.006268421534410554
    },
    "SNIPW": {
      "value": 0.0059911711141467094,
      "std": 3.1712292525298835e-07,
      "ci_lower": 0.005991170360172681,
      "ci_upper": 0.005991171868120738
    },
    "DM": {
      "value": 0.004730921238660812,
      "std": 0.004381418693810701,
      "ci_lower": 0.004720504218514103,
      "ci_upper": 0.004741338258807522
    },
    "DR": {
      "value": 0.005954901222139597,
      "std": 0.208966925740242,
      "ci_lower": 0.0054580729508522385,
      "ci_upper": 0.006451729493426955
    }
  },
  "Minimal (Context+DQN)": {
    "IPW": {
      "value": 0.0057763596996665,
      "std": 0.20757393538951874,
      "ci_lower": 0.005282843325634739,
      "ci_upper": 0.006269876073698261
    },
    "SNIPW": {
      "value": 0.0059932502917945385,
      "std": 3.169030264871253e-07,
      "ci_lower": 0.00599324953834333,
      "ci_upper": 0.005993251045245747
    },
    "DM": {
      "value": 0.0051262639462947845,
      "std": 0.004475763533264399,
      "ci_lower": 0.00511562261704593,
      "ci_upper": 0.005136905275543639
    },
    "DR": {
      "value": 0.005971618928015232,
      "std": 0.20888257026672363,
      "ci_lower": 0.0054749912156628975,
      "ci_upper": 0.006468246640367567
    }
  }
}