{
  "dataset": "obd-men",
  "seed": 4,
  "config": {
    "gcn_embed_dim": 64,
    "gcn_n_layers": 3,
    "gcn_lr": 0.001,
    "gcn_epochs": 100,
    "gcn_batch_size": 16384,
    "gcn_reg": 0.0001,
    "bcq_hidden": 256,
    "bcq_n_hidden": 2,
    "bcq_threshold_ratio": 0.3,
    "bcq_min_actions": 5,
    "bcq_lr": 0.001,
    "bcq_epochs_bc": 30,
    "bcq_epochs_q": 100,
    "bcq_batch_size": 16384,
    "bcq_temperature": 0.1,
    "bcq_hybrid_weight": 1.0,
    "bcq_num_quantiles": 32,
    "bcq_cvar_alpha": 0.1,
    "cate_hidden": 128,
    "cate_epochs": 50,
    "cate_uplift_weight": 0.5,
    "rm_hidden": 128,
    "rm_epochs": 30,
    "ope_clip": 100.0,
    "dqn_epochs": 50,
    "mf_epochs": 30,
    "cql_alpha": 1.0,
    "iql_expectile": 0.7
  },
  "ope_results": {
    "GNN-Bandit": {
      "IPW": {
        "value": 0.009674127213656902,
        "std": 0.4899730384349823,
        "ci_lower": 0.008509194261704173,
        "ci_upper": 0.010839060165609631,
        "n": 679602
      },
      "SNIPW": {
        "value": 0.00963036809116602,
        "std": 7.177093834798143e-07,
        "ci_lower": 0.009630366384779657,
        "ci_upper": 0.009630369797552382,
        "n": 679602
      },
      "DM": {
        "value": 0.010975157842040062,
        "std": 0.04313268885016441,
        "ci_lower": 0.010872607932950425,
        "ci_upper": 0.0110777077511297,
        "n": 679602
      },
      "DR": {
        "value": 0.01027528103441,
        "std": 0.5698472857475281,
        "ci_lower": 0.008920443464431736,
        "ci_upper": 0.011630118604388263,
        "n": 679602
      }
    },
    "Random": {
      "IPW": {
        "value": 0.005774167366325855,
        "std": 0.2077457457780838,
        "ci_lower": 0.00528024250536231,
        "ci_upper": 0.0062680922272894,
        "n": 679602
      },
      "SNIPW": {
        "value": 0.005990965291857719,
        "std": 3.171647620092699e-07,
        "ci_lower": 0.005990964537784222,
        "ci_upper": 0.005990966045931217,
        "n": 679602
      },
      "DM": {
        "value": 0.004119437653571367,
        "std": 0.0031786207109689713,
        "ci_lower": 0.004111880339765297,
        "ci_upper": 0.004126994967377438,
        "n": 679602
      },
      "DR": {
        "value": 0.005938091780990362,
        "std": 0.20787696540355682,
        "ci_lower": 0.005443854939461224,
        "ci_upper": 0.0064323286225195005,
        "n": 679602
      }
    },
    "BTS": {
      "IPW": {
        "value": 0.006527142133563757,
        "std": 0.07653395086526871,
        "ci_lower": 0.006345179220684187,
        "ci_upper": 0.0067091050464433265,
        "n": 679602
      },
      "SNIPW": {
        "value": 0.007219721097499132,
        "std": 1.2456521858439373e-07,
        "ci_lower": 0.007219720801339718,
        "ci_upper": 0.007219721393658546,
        "n": 679602
      },
      "DM": {
        "value": 0.004420734941959381,
        "std": 0.003921999596059322,
        "ci_lower": 0.004411410211395454,
        "ci_upper": 0.004430059672523308,
        "n": 679602
      },
      "DR": {
        "value": 0.006009494420140982,
        "std": 0.07699892669916153,
        "ci_lower": 0.005826426006288352,
        "ci_upper": 0.0061925628339936116,
        "n": 679602
      }
    },
    "LinUCB": {
      "IPW": {
        "value": 0.005703304894268513,
        "std": 0.21940924227237701,
        "ci_lower": 0.005181649545430398,
        "ci_upper": 0.006224960243106628,
        "n": 679602
      },
      "SNIPW": {
        "value": 0.0059462375938892365,
        "std": 3.3660137432889314e-07,
        "ci_lower": 0.005946236793604319,
        "ci_upper": 0.005946238394174154,
        "n": 679602
      },
      "DM": {
        "value": 0.0067373900674283504,
        "std": 0.03156023472547531,
        "ci_lower": 0.0066623541888818465,
        "ci_upper": 0.006812425945974854,
        "n": 679602
      },
      "DR": {
        "value": 0.006591652520000935,
        "std": 0.32913491129875183,
        "ci_lower": 0.005809119454437506,
        "ci_upper": 0.007374185585564364,
        "n": 679602
      }
    },
    "NeuralUCB": {
      "IPW": {
        "value": 0.00575525825843215,
        "std": 0.20925773680210114,
        "ci_lower": 0.005257738570756179,
        "ci_upper": 0.006252777946108121,
        "n": 679602
      },
      "SNIPW": {
        "value": 0.005978200118988752,
        "std": 3.198397848791501e-07,
        "ci_lower": 0.005978199358555268,
        "ci_upper": 0.005978200879422237,
        "n": 679602
      },
      "DM": {
        "value": 0.0072618285194039345,
        "std": 0.03654726967215538,
        "ci_lower": 0.007174935740811494,
        "ci_upper": 0.007348721297996375,
        "n": 679602
      },
      "DR": {
        "value": 0.006589067168533802,
        "std": 0.3402470648288727,
        "ci_lower": 0.00578011445780838,
        "ci_upper": 0.007398019879259224,
        "n": 679602
      }
    },
    "DQN": {
      "IPW": {
        "value": 0.005774578545242548,
        "std": 0.20775990188121796,
        "ci_lower": 0.005280620027506653,
        "ci_upper": 0.006268537062978443,
        "n": 679602
      },
      "SNIPW": {
        "value": 0.005991270765662193,
        "std": 3.1717996762381517e-07,
        "ci_lower": 0.0059912700115525444,
        "ci_upper": 0.005991271519771842,
        "n": 679602
      },
      "DM": {
        "value": 0.004234959837049246,
        "std": 0.004186808597296476,
        "ci_lower": 0.004225005511166156,
        "ci_upper": 0.004244914162932336,
        "n": 679602
      },
      "DR": {
        "value": 0.005944413598626852,
        "std": 0.20913918316364288,
        "ci_lower": 0.005447175777562267,
        "ci_upper": 0.0064416514196914375,
        "n": 679602
      }
    },
    "CQL": {
      "IPW": {
        "value": 0.008581905625760555,
        "std": 0.26966914534568787,
        "ci_lower": 0.007940755095230276,
        "ci_upper": 0.009223056156290835,
        "n": 679602
      },
      "SNIPW": {
        "value": 0.008538274094462395,
        "std": 3.947871221043897e-07,
        "ci_lower": 0.008538273155838242,
        "ci_upper": 0.008538275033086547,
        "n": 679602
      },
      "DM": {
        "value": 0.008154299110174179,
        "std": 0.025082062929868698,
        "ci_lower": 0.008094665376646139,
        "ci_upper": 0.00821393284370222,
        "n": 679602
      },
      "DR": {
        "value": 0.00884968787431717,
        "std": 0.2877638339996338,
        "ci_lower": 0.008165516407092833,
        "ci_upper": 0.009533859341541506,
        "n": 679602
      }
    },
    "IQL": {
      "IPW": {
        "value": 0.005777797661721706,
        "std": 0.2097492516040802,
        "ci_lower": 0.005279109375481564,
        "ci_upper": 0.006276485947961849,
        "n": 679602
      },
      "SNIPW": {
        "value": 0.005999567452818155,
        "std": 3.2048177445176407e-07,
        "ci_lower": 0.005999566690858312,
        "ci_upper": 0.005999568214777999,
        "n": 679602
      },
      "DM": {
        "value": 0.007356004323810339,
        "std": 0.036757078021764755,
        "ci_lower": 0.007268612716423491,
        "ci_upper": 0.007443395931197187,
        "n": 679602
      },
      "DR": {
        "value": 0.006521844770759344,
        "std": 0.3527490496635437,
        "ci_lower": 0.005683168028390793,
        "ci_upper": 0.007360521513127895,
        "n": 679602
      }
    },
    "MF-Bandit": {
      "IPW": {
        "value": 0.006555358879268169,
        "std": 0.21851785480976105,
        "ci_lower": 0.006035822844242659,
        "ci_upper": 0.00707489491429368,
        "n": 679602
      },
      "SNIPW": {
        "value": 0.006745867896825075,
        "std": 3.3088235795730725e-07,
        "ci_lower": 0.006745867110137377,
        "ci_upper": 0.006745868683512774,
        "n": 679602
      },
      "DM": {
        "value": 0.004975289572030306,
        "std": 0.0059030065312981606,