{
  "dataset": "obd-men",
  "seed": 1,
  "config": {
    "gcn_embed_dim": 64,
    "gcn_n_layers": 3,
    "gcn_lr": 0.001,
    "gcn_epochs": 100,
    "gcn_batch_size": 16384,
    "gcn_reg": 0.0001,
    "bcq_hidden": 256,
    "bcq_n_hidden": 2,
    "bcq_threshold_ratio": 0.3,
    "bcq_min_actions": 5,
    "bcq_lr": 0.001,
    "bcq_epochs_bc": 30,
    "bcq_epochs_q": 100,
    "bcq_batch_size": 16384,
    "bcq_temperature": 0.1,
    "bcq_hybrid_weight": 1.0,
    "bcq_num_quantiles": 32,
    "bcq_cvar_alpha": 0.1,
    "cate_hidden": 128,
    "cate_epochs": 50,
    "cate_uplift_weight": 0.5,
    "rm_hidden": 128,
    "rm_epochs": 30,
    "ope_clip": 100.0,
    "dqn_epochs": 50,
    "mf_epochs": 30,
    "cql_alpha": 1.0,
    "iql_expectile": 0.7
  },
  "ope_results": {
    "GNN-Bandit": {
      "IPW": {
        "value": 0.009894706308841705,
        "std": 0.541222095489502,
        "ci_lower": 0.008607926417085904,
        "ci_upper": 0.011181486200597507,
        "n": 679602
      },
      "SNIPW": {
        "value": 0.009907452389597893,
        "std": 7.974069262672856e-07,
        "ci_lower": 0.009907450493727035,
        "ci_upper": 0.00990745428546875,
        "n": 679602
      },
      "DM": {
        "value": 0.011898116208612919,
        "std": 0.0454406775534153,
        "ci_lower": 0.011790078952501618,
        "ci_upper": 0.01200615346472422,
        "n": 679602
      },
      "DR": {
        "value": 0.01087533961981535,
        "std": 0.6073588728904724,
        "ci_lower": 0.00943131656305512,
        "ci_upper": 0.012319362676575579,
        "n": 679602
      }
    },
    "Random": {
      "IPW": {
        "value": 0.005774167366325855,
        "std": 0.2077457457780838,
        "ci_lower": 0.00528024250536231,
        "ci_upper": 0.0062680922272894,
        "n": 679602
      },
      "SNIPW": {
        "value": 0.005990965291857719,
        "std": 3.171647620092699e-07,
        "ci_lower": 0.005990964537784222,
        "ci_upper": 0.005990966045931217,
        "n": 679602
      },
      "DM": {
        "value": 0.005417616106569767,
        "std": 0.004096828866750002,
        "ci_lower": 0.005407875711545926,
        "ci_upper": 0.005427356501593608,
        "n": 679602
      },
      "DR": {
        "value": 0.0059868874959647655,
        "std": 0.20800697803497314,
        "ci_lower": 0.005492341543552729,
        "ci_upper": 0.006481433448376802,
        "n": 679602
      }
    },
    "BTS": {
      "IPW": {
        "value": 0.006527142133563757,
        "std": 0.07653395086526871,
        "ci_lower": 0.006345179220684187,
        "ci_upper": 0.0067091050464433265,
        "n": 679602
      },
      "SNIPW": {
        "value": 0.007219721097499132,
        "std": 1.2456521858439373e-07,
        "ci_lower": 0.007219720801339718,
        "ci_upper": 0.007219721393658546,
        "n": 679602
      },
      "DM": {
        "value": 0.005627360660582781,
        "std": 0.004546981770545244,
        "ci_lower": 0.005616550006769348,
        "ci_upper": 0.005638171314396214,
        "n": 679602
      },
      "DR": {
        "value": 0.006130769848823547,
        "std": 0.07701072841882706,
        "ci_lower": 0.005947673375851232,
        "ci_upper": 0.006313866321795863,
        "n": 679602
      }
    },
    "LinUCB": {
      "IPW": {
        "value": 0.00569424731656909,
        "std": 0.21910430490970612,
        "ci_lower": 0.005173316970035574,
        "ci_upper": 0.0062151776631026055,
        "n": 679602
      },
      "SNIPW": {
        "value": 0.0059364535845816135,
        "std": 3.361143114943843e-07,
        "ci_lower": 0.00593645278545471,
        "ci_upper": 0.005936454383708517,
        "n": 679602
      },
      "DM": {
        "value": 0.00823177956044674,
        "std": 0.034025415778160095,
        "ci_lower": 0.008150882602992762,
        "ci_upper": 0.008312676517900717,
        "n": 679602
      },
      "DR": {
        "value": 0.006701814476400614,
        "std": 0.3402841091156006,
        "ci_lower": 0.005892773691216179,
        "ci_upper": 0.007510855261585048,
        "n": 679602
      }
    },
    "NeuralUCB": {
      "IPW": {
        "value": 0.005736520513892174,
        "std": 0.20960678160190582,
        "ci_lower": 0.005238170956494597,
        "ci_upper": 0.00623487007128975,
        "n": 679602
      },
      "SNIPW": {
        "value": 0.005960282403975725,
        "std": 3.2045642228695215e-07,
        "ci_lower": 0.005960281642076157,
        "ci_upper": 0.005960283165875293,
        "n": 679602
      },
      "DM": {
        "value": 0.008743427693843842,
        "std": 0.03818308934569359,
        "ci_lower": 0.008652645680351366,
        "ci_upper": 0.008834209707336317,
        "n": 679602
      },
      "DR": {
        "value": 0.0067342245019972324,
        "std": 0.34995344281196594,
        "ci_lower": 0.005902194440745075,
        "ci_upper": 0.0075662545632493895,
        "n": 679602
      }
    },
    "DQN": {
      "IPW": {
        "value": 0.005779658909887075,
        "std": 0.20775452256202698,
        "ci_lower": 0.0052857131817246735,
        "ci_upper": 0.006273604638049477,
        "n": 679602
      },
      "SNIPW": {
        "value": 0.005996737163513899,
        "std": 3.17182070830313e-07,
        "ci_lower": 0.00599673640939925,
        "ci_upper": 0.005996737917628548,
        "n": 679602
      },
      "DM": {
        "value": 0.005544970277696848,
        "std": 0.004987777676433325,
        "ci_lower": 0.0055331116117774935,
        "ci_upper": 0.005556828943616202,
        "n": 679602
      },
      "DR": {
        "value": 0.0060097454115748405,
        "std": 0.20932511985301971,
        "ci_lower": 0.005512065517662484,
        "ci_upper": 0.006507425305487197,
        "n": 679602
      }
    },
    "CQL": {
      "IPW": {
        "value": 0.008622255176305771,
        "std": 0.2695210576057434,
        "ci_lower": 0.007981456731042454,
        "ci_upper": 0.009263053621569088,
        "n": 679602
      },
      "SNIPW": {
        "value": 0.008576336316764355,
        "std": 3.94474596987493e-07,
        "ci_lower": 0.008576335378883245,
        "ci_upper": 0.008576337254645464,
        "n": 679602
      },
      "DM": {
        "value": 0.009121280163526535,
        "std": 0.024224435910582542,
        "ci_lower": 0.009063685476837566,
        "ci_upper": 0.009178874850215504,
        "n": 679602
      },
      "DR": {
        "value": 0.008882017806172371,
        "std": 0.2831961214542389,
        "ci_lower": 0.008208706281111738,
        "ci_upper": 0.009555329331233004,
        "n": 679602
      }
    },
    "IQL": {
      "IPW": {
        "value": 0.005753524601459503,
        "std": 0.2075352668762207,
        "ci_lower": 0.00526010016355853,
        "ci_upper": 0.006246949039360477,
        "n": 679602
      },
      "SNIPW": {
        "value": 0.005976790562272072,
        "std": 3.172278582042054e-07,
        "ci_lower": 0.005976789808048561,
        "ci_upper": 0.005976791316495583,
        "n": 679602
      },
      "DM": {
        "value": 0.008692312985658646,
        "std": 0.0384410060942173,
        "ci_lower": 0.008600917763488045,
        "ci_upper": 0.008783708207829246,
        "n": 679602
      },
      "DR": {
        "value": 0.006722345016896725,
        "std": 0.3551557958126068,
        "ci_lower": 0.005877946127234143,
        "ci_upper": 0.007566743906559307,
        "n": 679602
      }
    },
    "MF-Bandit": {
      "IPW": {
        "value": 0.006587897893041372,
        "std": 0.21896028518676758,
        "ci_lower": 0.006067309959881291,
        "ci_upper": 0.007108485826201454,
        "n": 679602
      },
      "SNIPW": {
        "value": 0.006779185030609369,
        "std": 3.315441290396848e-07,
        "ci_lower": 0.00677918424234828,
        "ci_upper": 0.0067791858188704585,
        "n": 679602
      },
      "DM": {
        "value": 0.006507141049951315,
        "std": 0.006564742885529995,