{
  "dataset": "obd-men",
  "seed": 0,
  "config": {
    "gcn_embed_dim": 64,
    "gcn_n_layers": 3,
    "gcn_lr": 0.001,
    "gcn_epochs": 100,
    "gcn_batch_size": 16384,
    "gcn_reg": 0.0001,
    "bcq_hidden": 256,
    "bcq_n_hidden": 2,
    "bcq_threshold_ratio": 0.3,
    "bcq_min_actions": 5,
    "bcq_lr": 0.001,
    "bcq_epochs_bc": 30,
    "bcq_epochs_q": 100,
    "bcq_batch_size": 16384,
    "bcq_temperature": 0.1,
    "bcq_hybrid_weight": 1.0,
    "bcq_num_quantiles": 32,
    "bcq_cvar_alpha": 0.1,
    "cate_hidden": 128,
    "cate_epochs": 50,
    "cate_uplift_weight": 0.5,
    "rm_hidden": 128,
    "rm_epochs": 30,
    "ope_clip": 100.0,
    "dqn_epochs": 50,
    "mf_epochs": 30,
    "cql_alpha": 1.0,
    "iql_expectile": 0.7
  },
  "ope_results": {
    "GNN-Bandit": {
      "IPW": {
        "value": 0.009080610238015652,
        "std": 0.4562878906726837,
        "ci_lower": 0.007995765240994152,
        "ci_upper": 0.010165455235037152,
        "n": 679602
      },
      "SNIPW": {
        "value": 0.009108370169997215,
        "std": 6.734570661137695e-07,
        "ci_lower": 0.009108368568822729,
        "ci_upper": 0.009108371771171702,
        "n": 679602
      },
      "DM": {
        "value": 0.012948285788297653,
        "std": 0.04470285773277283,
        "ci_lower": 0.012842002732018278,
        "ci_upper": 0.013054568844577029,
        "n": 679602
      },
      "DR": {
        "value": 0.009799325838685036,
        "std": 0.5389248728752136,
        "ci_lower": 0.008518007697089823,
        "ci_upper": 0.011080643980280249,
        "n": 679602
      }
    },
    "Random": {
      "IPW": {
        "value": 0.005774167366325855,
        "std": 0.2077457457780838,
        "ci_lower": 0.00528024250536231,
        "ci_upper": 0.0062680922272894,
        "n": 679602
      },
      "SNIPW": {
        "value": 0.005990965291857719,
        "std": 3.171647620092699e-07,
        "ci_lower": 0.005990964537784222,
        "ci_upper": 0.005990966045931217,
        "n": 679602
      },
      "DM": {
        "value": 0.004960355348885059,
        "std": 0.0033286025281995535,
        "ci_lower": 0.0049524414465580285,
        "ci_upper": 0.00496826925121209,
        "n": 679602
      },
      "DR": {
        "value": 0.005943567957729101,
        "std": 0.2079782783985138,
        "ci_lower": 0.005449090239994481,
        "ci_upper": 0.006438045675463721,
        "n": 679602
      }
    },
    "BTS": {
      "IPW": {
        "value": 0.006527142133563757,
        "std": 0.07653395086526871,
        "ci_lower": 0.006345179220684187,
        "ci_upper": 0.0067091050464433265,
        "n": 679602
      },
      "SNIPW": {
        "value": 0.007219721097499132,
        "std": 1.2456521858439373e-07,
        "ci_lower": 0.007219720801339718,
        "ci_upper": 0.007219721393658546,
        "n": 679602
      },
      "DM": {
        "value": 0.005311471410095692,
        "std": 0.003957361448556185,
        "ci_lower": 0.0053020626051358604,
        "ci_upper": 0.005320880215055523,
        "n": 679602
      },
      "DR": {
        "value": 0.005823846906423569,
        "std": 0.07703001797199249,
        "ci_lower": 0.005640704571670404,
        "ci_upper": 0.006006989241176734,
        "n": 679602
      }
    },
    "LinUCB": {
      "IPW": {
        "value": 0.005694554187357426,
        "std": 0.21897710859775543,
        "ci_lower": 0.00517392625578052,
        "ci_upper": 0.006215182118934332,
        "n": 679602
      },
      "SNIPW": {
        "value": 0.005936623550951481,
        "std": 3.359107267897343e-07,
        "ci_lower": 0.005936622752308609,
        "ci_upper": 0.005936624349594352,
        "n": 679602
      },
      "DM": {
        "value": 0.007563106715679169,
        "std": 0.03223031014204025,
        "ci_lower": 0.007486477702670525,
        "ci_upper": 0.007639735728687812,
        "n": 679602
      },
      "DR": {
        "value": 0.006517444737255573,
        "std": 0.33324483036994934,
        "ci_lower": 0.005725140154118056,
        "ci_upper": 0.0073097493203930905,
        "n": 679602
      }
    },
    "NeuralUCB": {
      "IPW": {
        "value": 0.005719004198908806,
        "std": 0.20659829676151276,
        "ci_lower": 0.005227807449627403,
        "ci_upper": 0.0062102009481902086,
        "n": 679602
      },
      "SNIPW": {
        "value": 0.005941915791481733,
        "std": 3.158479842113593e-07,
        "ci_lower": 0.005941915040538935,
        "ci_upper": 0.005941916542424532,
        "n": 679602
      },
      "DM": {
        "value": 0.00815986655652523,
        "std": 0.03611280396580696,
        "ci_lower": 0.008074006739704391,
        "ci_upper": 0.00824572637334607,
        "n": 679602
      },
      "DR": {
        "value": 0.00658829091116786,
        "std": 0.33721980452537537,
        "ci_lower": 0.005786535648067203,
        "ci_upper": 0.007390046174268517,
        "n": 679602
      }
    },
    "DQN": {
      "IPW": {
        "value": 0.005773339420557022,
        "std": 0.20763370394706726,
        "ci_lower": 0.005279680944089582,
        "ci_upper": 0.006266997897024462,
        "n": 679602
      },
      "SNIPW": {
        "value": 0.00599003117531538,
        "std": 3.169897411225975e-07,
        "ci_lower": 0.005990030421658003,
        "ci_upper": 0.005990031928972757,
        "n": 679602
      },
      "DM": {
        "value": 0.005076002795249224,
        "std": 0.004276133608072996,
        "ci_lower": 0.0050658360951326056,
        "ci_upper": 0.005086169495365842,
        "n": 679602
      },
      "DR": {
        "value": 0.005954465363174677,
        "std": 0.20900462567806244,
        "ci_lower": 0.005457547458588323,
        "ci_upper": 0.006451383267761031,
        "n": 679602
      }
    },
    "CQL": {
      "IPW": {
        "value": 0.008671646937727928,
        "std": 0.2675485610961914,
        "ci_lower": 0.008035538191695672,
        "ci_upper": 0.009307755683760185,
        "n": 679602
      },
      "SNIPW": {
        "value": 0.008620401844382286,
        "std": 3.9135773022280773e-07,
        "ci_lower": 0.008620400913911667,
        "ci_upper": 0.008620402774852905,
        "n": 679602
      },
      "DM": {
        "value": 0.009726065210998058,
        "std": 0.02501780167222023,
        "ci_lower": 0.009666584261502397,
        "ci_upper": 0.00978554616049372,
        "n": 679602
      },
      "DR": {
        "value": 0.008822658099234104,
        "std": 0.28619787096977234,
        "ci_lower": 0.008142209779595299,
        "ci_upper": 0.00950310641887291,
        "n": 679602
      }
    },
    "IQL": {
      "IPW": {
        "value": 0.005741772707551718,
        "std": 0.20935527980327606,
        "ci_lower": 0.005244021107000165,
        "ci_upper": 0.00623952430810327,
        "n": 679602
      },
      "SNIPW": {
        "value": 0.005966727156192064,
        "std": 3.201248830464465e-07,
        "ci_lower": 0.005966726395080746,
        "ci_upper": 0.005966727917303382,
        "n": 679602
      },
      "DM": {
        "value": 0.008461464196443558,
        "std": 0.03859025239944458,
        "ci_lower": 0.00836971413446489,
        "ci_upper": 0.008553214258422226,
        "n": 679602
      },
      "DR": {
        "value": 0.006698122713714838,
        "std": 0.34663721919059753,
        "ci_lower": 0.005873977123381561,
        "ci_upper": 0.007522268304048115,
        "n": 679602
      }
    },
    "MF-Bandit": {
      "IPW": {
        "value": 0.006640848238021135,
        "std": 0.22326411306858063,
        "ci_lower": 0.006110027760362134,
        "ci_upper": 0.007171668715680137,
        "n": 679602
      },
      "SNIPW": {
        "value": 0.006830649450421333,
        "std": 3.3791130249483103e-07,
        "ci_lower": 0.006830648647022003,
        "ci_upper": 0.006830650253820664,
        "n": 679602
      },
      "DM": {
        "value": 0.0061422488652169704,
        "std": 0.0059937709011137486,