{
  "dataset": "obd-men",
  "seed": 2,
  "config": {
    "gcn_embed_dim": 64,
    "gcn_n_layers": 3,
    "gcn_lr": 0.001,
    "gcn_epochs": 100,
    "gcn_batch_size": 16384,
    "gcn_reg": 0.0001,
    "bcq_hidden": 256,
    "bcq_n_hidden": 2,
    "bcq_threshold_ratio": 0.3,
    "bcq_min_actions": 5,
    "bcq_lr": 0.001,
    "bcq_epochs_bc": 30,
    "bcq_epochs_q": 100,
    "bcq_batch_size": 16384,
    "bcq_temperature": 0.1,
    "bcq_hybrid_weight": 1.0,
    "bcq_num_quantiles": 32,
    "bcq_cvar_alpha": 0.1,
    "cate_hidden": 128,
    "cate_epochs": 50,
    "cate_uplift_weight": 0.5,
    "rm_hidden": 128,
    "rm_epochs": 30,
    "ope_clip": 100.0,
    "dqn_epochs": 50,
    "mf_epochs": 30,
    "cql_alpha": 1.0,
    "iql_expectile": 0.7
  },
  "ope_results": {
    "GNN-Bandit": {
      "IPW": {
        "value": 0.009699885733425617,
        "std": 0.4306912124156952,
        "ci_lower": 0.008675897991034577,
        "ci_upper": 0.010723873475816657,
        "n": 679602
      },
      "SNIPW": {
        "value": 0.009719190187752247,
        "std": 6.3500164060315e-07,
        "ci_lower": 0.009719188678007265,
        "ci_upper": 0.009719191697497229,
        "n": 679602
      },
      "DM": {
        "value": 0.01165123749524355,
        "std": 0.0400439016520977,
        "ci_lower": 0.011556031316739764,
        "ci_upper": 0.011746443673747334,
        "n": 679602
      },
      "DR": {
        "value": 0.01031467504799366,
        "std": 0.49829137325286865,
        "ci_lower": 0.009129964880613562,
        "ci_upper": 0.011499385215373758,
        "n": 679602
      }
    },
    "Random": {
      "IPW": {
        "value": 0.005774167366325855,
        "std": 0.2077457457780838,
        "ci_lower": 0.00528024250536231,
        "ci_upper": 0.0062680922272894,
        "n": 679602
      },
      "SNIPW": {
        "value": 0.005990965291857719,
        "std": 3.171647620092699e-07,
        "ci_lower": 0.005990964537784222,
        "ci_upper": 0.005990966045931217,
        "n": 679602
      },
      "DM": {
        "value": 0.0045310151763260365,
        "std": 0.003410385688766837,
        "ci_lower": 0.004522906830853799,
        "ci_upper": 0.004539123521798274,
        "n": 679602
      },
      "DR": {
        "value": 0.0059515261091291904,
        "std": 0.2076864093542099,
        "ci_lower": 0.0054577423231840635,
        "ci_upper": 0.006445309895074317,
        "n": 679602
      }
    },
    "BTS": {
      "IPW": {
        "value": 0.006527142133563757,
        "std": 0.07653395086526871,
        "ci_lower": 0.006345179220684187,
        "ci_upper": 0.0067091050464433265,
        "n": 679602
      },
      "SNIPW": {
        "value": 0.007219721097499132,
        "std": 1.2456521858439373e-07,
        "ci_lower": 0.007219720801339718,
        "ci_upper": 0.007219721393658546,
        "n": 679602
      },
      "DM": {
        "value": 0.004749189130961895,
        "std": 0.003837053896859288,
        "ci_lower": 0.004740066362621116,
        "ci_upper": 0.004758311899302674,
        "n": 679602
      },
      "DR": {
        "value": 0.006091948598623276,
        "std": 0.07691075652837753,
        "ci_lower": 0.005909089813320114,
        "ci_upper": 0.006274807383926438,
        "n": 679602
      }
    },
    "LinUCB": {
      "IPW": {
        "value": 0.005690533202141523,
        "std": 0.21784277260303497,
        "ci_lower": 0.00517260220544711,
        "ci_upper": 0.006208464198835937,
        "n": 679602
      },
      "SNIPW": {
        "value": 0.005932456348091364,
        "std": 3.3417200029361993e-07,
        "ci_lower": 0.005932455553582392,
        "ci_upper": 0.0059324571426003355,
        "n": 679602
      },
      "DM": {
        "value": 0.006971370428800583,
        "std": 0.03033362329006195,
        "ci_lower": 0.006899250874150021,
        "ci_upper": 0.007043489983451145,
        "n": 679602
      },
      "DR": {
        "value": 0.006617611739784479,
        "std": 0.3022533357143402,
        "ci_lower": 0.00589899083007908,
        "ci_upper": 0.007336232649489878,
        "n": 679602
      }
    },
    "NeuralUCB": {
      "IPW": {
        "value": 0.005729478783905506,
        "std": 0.20858800411224365,
        "ci_lower": 0.005233551415843502,
        "ci_upper": 0.00622540615196751,
        "n": 679602
      },
      "SNIPW": {
        "value": 0.005955244414508343,
        "std": 3.190208985870413e-07,
        "ci_lower": 0.0059552436560217975,
        "ci_upper": 0.005955245172994888,
        "n": 679602
      },
      "DM": {
        "value": 0.00777830183506012,
        "std": 0.03718084469437599,
        "ci_lower": 0.0076899027033359305,
        "ci_upper": 0.00786670096678431,
        "n": 679602
      },
      "DR": {
        "value": 0.00674886628985405,
        "std": 0.32528653740882874,
        "ci_lower": 0.005975482906424408,
        "ci_upper": 0.007522249673283692,
        "n": 679602
      }
    },
    "DQN": {
      "IPW": {
        "value": 0.005773155950009823,
        "std": 0.2075950652360916,
        "ci_lower": 0.005279589338816807,
        "ci_upper": 0.006266722561202838,
        "n": 679602
      },
      "SNIPW": {
        "value": 0.005989948753267527,
        "std": 3.1693642199570604e-07,
        "ci_lower": 0.005989947999736918,
        "ci_upper": 0.005989949506798135,
        "n": 679602
      },
      "DM": {
        "value": 0.004631721414625645,
        "std": 0.0042281076312065125,
        "ci_lower": 0.004621668898430615,
        "ci_upper": 0.004641773930820674,
        "n": 679602
      },
      "DR": {
        "value": 0.005967279896140099,
        "std": 0.2082744687795639,
        "ci_lower": 0.005472097972443374,
        "ci_upper": 0.0064624618198368235,
        "n": 679602
      }
    },
    "CQL": {
      "IPW": {
        "value": 0.00858848262578249,
        "std": 0.26843947172164917,
        "ci_lower": 0.007950255699639435,
        "ci_upper": 0.009226709551925545,
        "n": 679602
      },
      "SNIPW": {
        "value": 0.008543633855879307,
        "std": 3.929324634555087e-07,
        "ci_lower": 0.00854363292166469,
        "ci_upper": 0.008543634790093924,
        "n": 679602
      },
      "DM": {
        "value": 0.007904602214694023,
        "std": 0.021284565329551697,
        "ci_lower": 0.007853997202631352,
        "ci_upper": 0.007955207226756694,
        "n": 679602
      },
      "DR": {
        "value": 0.0088012320920825,
        "std": 0.27934953570365906,
        "ci_lower": 0.008137065997773883,
        "ci_upper": 0.009465398186391118,
        "n": 679602
      }
    },
    "IQL": {
      "IPW": {
        "value": 0.005794431082904339,
        "std": 0.21285425126552582,
        "ci_lower": 0.005288360520216959,
        "ci_upper": 0.006300501645591719,
        "n": 679602
      },
      "SNIPW": {
        "value": 0.006018047221004963,
        "std": 3.2529132454328646e-07,
        "ci_lower": 0.006018046447610198,
        "ci_upper": 0.006018047994399728,
        "n": 679602
      },
      "DM": {
        "value": 0.007940690964460373,
        "std": 0.037364695221185684,
        "ci_lower": 0.00785185471983381,
        "ci_upper": 0.008029527209086935,
        "n": 679602
      },
      "DR": {
        "value": 0.006867664400488138,
        "std": 0.3229866027832031,
        "ci_lower": 0.006099749215148101,
        "ci_upper": 0.007635579585828175,
        "n": 679602
      }
    },
    "MF-Bandit": {
      "IPW": {
        "value": 0.006642007268965244,
        "std": 0.22538942098617554,
        "ci_lower": 0.00610613377607471,
        "ci_upper": 0.007177880761855778,
        "n": 679602
      },
      "SNIPW": {
        "value": 0.006827613804489374,
        "std": 3.4091686984538683e-07,
        "ci_lower": 0.006827612993944172,
        "ci_upper": 0.006827614615034576,
        "n": 679602
      },
      "DM": {
        "value": 0.005457047838717699,
        "std": 0.005747830495238304,