{
  "dataset": "obd-men",
  "seed": 3,
  "config": {
    "gcn_embed_dim": 64,
    "gcn_n_layers": 3,
    "gcn_lr": 0.001,
    "gcn_epochs": 100,
    "gcn_batch_size": 16384,
    "gcn_reg": 0.0001,
    "bcq_hidden": 256,
    "bcq_n_hidden": 2,
    "bcq_threshold_ratio": 0.3,
    "bcq_min_actions": 5,
    "bcq_lr": 0.001,
    "bcq_epochs_bc": 30,
    "bcq_epochs_q": 100,
    "bcq_batch_size": 16384,
    "bcq_temperature": 0.1,
    "bcq_hybrid_weight": 1.0,
    "bcq_num_quantiles": 32,
    "bcq_cvar_alpha": 0.1,
    "cate_hidden": 128,
    "cate_epochs": 50,
    "cate_uplift_weight": 0.5,
    "rm_hidden": 128,
    "rm_epochs": 30,
    "ope_clip": 100.0,
    "dqn_epochs": 50,
    "mf_epochs": 30,
    "cql_alpha": 1.0,
    "iql_expectile": 0.7
  },
  "ope_results": {
    "GNN-Bandit": {
      "IPW": {
        "value": 0.008825000375509262,
        "std": 0.45609650015830994,
        "ci_lower": 0.007740610418049933,
        "ci_upper": 0.00990939033296859,
        "n": 679602
      },
      "SNIPW": {
        "value": 0.008903618901968002,
        "std": 6.771017524442868e-07,
        "ci_lower": 0.00890361729212811,
        "ci_upper": 0.008903620511807894,
        "n": 679602
      },
      "DM": {
        "value": 0.012035760097205639,
        "std": 0.04496818035840988,
        "ci_lower": 0.011928846224441972,
        "ci_upper": 0.012142673969969306,
        "n": 679602
      },
      "DR": {
        "value": 0.009801940061151981,
        "std": 0.5300102829933167,
        "ci_lower": 0.008541816758235517,
        "ci_upper": 0.011062063364068446,
        "n": 679602
      }
    },
    "Random": {
      "IPW": {
        "value": 0.005774167366325855,
        "std": 0.2077457457780838,
        "ci_lower": 0.00528024250536231,
        "ci_upper": 0.0062680922272894,
        "n": 679602
      },
      "SNIPW": {
        "value": 0.005990965291857719,
        "std": 3.171647620092699e-07,
        "ci_lower": 0.005990964537784222,
        "ci_upper": 0.005990966045931217,
        "n": 679602
      },
      "DM": {
        "value": 0.004661464132368565,
        "std": 0.0035030858125537634,
        "ci_lower": 0.004653135388179707,
        "ci_upper": 0.004669792876557422,
        "n": 679602
      },
      "DR": {
        "value": 0.00595005601644516,
        "std": 0.20776665210723877,
        "ci_lower": 0.005456081449743081,
        "ci_upper": 0.006444030583147239,
        "n": 679602
      }
    },
    "BTS": {
      "IPW": {
        "value": 0.006527142133563757,
        "std": 0.07653395086526871,
        "ci_lower": 0.006345179220684187,
        "ci_upper": 0.0067091050464433265,
        "n": 679602
      },
      "SNIPW": {
        "value": 0.007219721097499132,
        "std": 1.2456521858439373e-07,
        "ci_lower": 0.007219720801339718,
        "ci_upper": 0.007219721393658546,
        "n": 679602
      },
      "DM": {
        "value": 0.004909901414066553,
        "std": 0.004031898453831673,
        "ci_lower": 0.004900315394021863,
        "ci_upper": 0.004919487434111244,
        "n": 679602
      },
      "DR": {
        "value": 0.0059455325827002525,
        "std": 0.0770811140537262,
        "ci_lower": 0.005762268764712994,
        "ci_upper": 0.006128796400687511,
        "n": 679602
      }
    },
    "LinUCB": {
      "IPW": {
        "value": 0.005685232579708099,
        "std": 0.21786627173423767,
        "ci_lower": 0.005167245712771585,
        "ci_upper": 0.006203219446644614,
        "n": 679602
      },
      "SNIPW": {
        "value": 0.005927341524511576,
        "std": 3.3423128797949175e-07,
        "ci_lower": 0.005927340729861645,
        "ci_upper": 0.005927342319161507,
        "n": 679602
      },
      "DM": {
        "value": 0.007445346564054489,
        "std": 0.032837338745594025,
        "ci_lower": 0.007367274313219299,
        "ci_upper": 0.00752341881488968,
        "n": 679602
      },
      "DR": {
        "value": 0.006707401014864445,
        "std": 0.3181748688220978,
        "ci_lower": 0.005950925943587063,
        "ci_upper": 0.007463876086141827,
        "n": 679602
      }
    },
    "NeuralUCB": {
      "IPW": {
        "value": 0.005918310023844242,
        "std": 0.2359328269958496,
        "ci_lower": 0.0053573691086201925,
        "ci_upper": 0.006479250939068292,
        "n": 679602
      },
      "SNIPW": {
        "value": 0.0061467839404940605,
        "std": 3.6056530916539486e-07,
        "ci_lower": 0.006146783083233809,
        "ci_upper": 0.006146784797754312,
        "n": 679602
      },
      "DM": {
        "value": 0.008034184575080872,
        "std": 0.037216491997241974,
        "ci_lower": 0.007945700690289678,
        "ci_upper": 0.008122668459872065,
        "n": 679602
      },
      "DR": {
        "value": 0.006840962450951338,
        "std": 0.3428473472595215,
        "ci_lower": 0.006025827451711589,
        "ci_upper": 0.007656097450191086,
        "n": 679602
      }
    },
    "DQN": {
      "IPW": {
        "value": 0.005773276090621948,
        "std": 0.20743542909622192,
        "ci_lower": 0.005280089021536496,
        "ci_upper": 0.006266463159707401,
        "n": 679602
      },
      "SNIPW": {
        "value": 0.0059898048639297485,
        "std": 3.16678551826044e-07,
        "ci_lower": 0.005989804111012238,
        "ci_upper": 0.005989805616847259,
        "n": 679602
      },
      "DM": {
        "value": 0.004778903443366289,
        "std": 0.004462357610464096,
        "ci_lower": 0.004768293987302276,
        "ci_upper": 0.004789512899430302,
        "n": 679602
      },
      "DR": {
        "value": 0.0059629203751683235,
        "std": 0.2087535709142685,
        "ci_lower": 0.005466599364582551,
        "ci_upper": 0.006459241385754096,
        "n": 679602
      }
    },
    "CQL": {
      "IPW": {
        "value": 0.00862373597919941,
        "std": 0.272676944732666,
        "ci_lower": 0.007975434270249302,
        "ci_upper": 0.009272037688149517,
        "n": 679602
      },
      "SNIPW": {
        "value": 0.008579123765230179,
        "std": 3.991546861925599e-07,
        "ci_lower": 0.008579122816221947,
        "ci_upper": 0.00857912471423841,
        "n": 679602
      },
      "DM": {
        "value": 0.00872324500232935,
        "std": 0.02376762591302395,
        "ci_lower": 0.008666736401970023,
        "ci_upper": 0.008779753602688676,
        "n": 679602
      },
      "DR": {
        "value": 0.00878255907446146,
        "std": 0.2925070524215698,
        "ci_lower": 0.008087110391952642,
        "ci_upper": 0.009478007756970278,
        "n": 679602
      }
    },
    "IQL": {
      "IPW": {
        "value": 0.005750594660639763,
        "std": 0.20789171755313873,
        "ci_lower": 0.005256322745211018,
        "ci_upper": 0.006244866576068508,
        "n": 679602
      },
      "SNIPW": {
        "value": 0.005976149812340736,
        "std": 3.179005148012948e-07,
        "ci_lower": 0.005976149056517954,
        "ci_upper": 0.005976150568163518,
        "n": 679602
      },
      "DM": {
        "value": 0.00798935815691948,
        "std": 0.03763275220990181,
        "ci_lower": 0.007899884594737335,
        "ci_upper": 0.008078831719101624,
        "n": 679602
      },
      "DR": {
        "value": 0.006925426423549652,
        "std": 0.32351019978523254,
        "ci_lower": 0.006156266362770844,
        "ci_upper": 0.00769458648432846,
        "n": 679602
      }
    },
    "MF-Bandit": {
      "IPW": {
        "value": 0.006614173762500286,
        "std": 0.21917033195495605,
        "ci_lower": 0.006093086433694894,
        "ci_upper": 0.007135261091305678,
        "n": 679602
      },
      "SNIPW": {
        "value": 0.006803485564887524,
        "std": 3.317286711990164e-07,
        "ci_lower": 0.006803484776187677,
        "ci_upper": 0.00680348635358737,
        "n": 679602
      },
      "DM": {
        "value": 0.005649894941598177,
        "std": 0.006246678996831179,