{
  "embed_dim": {
    "16": {
      "DR_value": 0.009398072026669979,
      "DR_ci_lower": 0.008086624909317995,
      "DR_ci_upper": 0.010709519144021963
    },
    "32": {
      "DR_value": 0.01072577852755785,
      "DR_ci_lower": 0.0092828853463595,
      "DR_ci_upper": 0.0121686717087562
    },
    "64": {
      "DR_value": 0.009951835498213768,
      "DR_ci_lower": 0.008565938041583714,
      "DR_ci_upper": 0.011337732954843822
    },
    "128": {
      "DR_value": 0.00870394054800272,
      "DR_ci_lower": 0.007466529401918904,
      "DR_ci_upper": 0.009941351694086536
    }
  },
  "n_layers": {
    "1": {
      "DR_value": 0.010210412554442883,
      "DR_ci_lower": 0.008837151338136619,
      "DR_ci_upper": 0.011583673770749146
    },
    "2": {
      "DR_value": 0.010450789704918861,
      "DR_ci_lower": 0.009240416921757373,
      "DR_ci_upper": 0.01166116248808035
    },
    "3": {
      "DR_value": 0.009492166340351105,
      "DR_ci_lower": 0.008270565516220948,
      "DR_ci_upper": 0.010713767164481261
    },
    "4": {
      "DR_value": 0.00946151465177536,
      "DR_ci_lower": 0.008018129727418886,
      "DR_ci_upper": 0.010904899576131834
    }
  },
  "bcq_threshold_ratio": {
    "0.1": {
      "DR_value": 0.009833226911723614,
      "DR_ci_lower": 0.008507832569622537,
      "DR_ci_upper": 0.011158621253824691
    },
    "0.3": {
      "DR_value": 0.009023301303386688,
      "DR_ci_lower": 0.007855688847216727,
      "DR_ci_upper": 0.01019091375955665
    },
    "0.5": {
      "DR_value": 0.010385213419795036,
      "DR_ci_lower": 0.00910440856169225,
      "DR_ci_upper": 0.011666018277897823
    },
    "1.0": {
      "DR_value": 0.009240574203431606,
      "DR_ci_lower": 0.008301670994110326,
      "DR_ci_upper": 0.010179477412752887
    },
    "2.0": {
      "DR_value": 0.008680596016347408,
      "DR_ci_lower": 0.007611692496407189,
      "DR_ci_upper": 0.009749499536287627
    }
  },
  "cvar_alpha": {
    "0.05": {
      "DR_value": 0.009402558207511902,
      "DR_ci_lower": 0.008117784117675433,
      "DR_ci_upper": 0.01068733229734837
    },
    "0.1": {
      "DR_value": 0.01002747006714344,
      "DR_ci_lower": 0.008705772018066379,
      "DR_ci_upper": 0.011349168116220502
    },
    "0.25": {
      "DR_value": 0.010345877148211002,
      "DR_ci_lower": 0.009143863573599437,
      "DR_ci_upper": 0.011547890722822567
    },
    "0.5": {
      "DR_value": 0.00927615538239479,
      "DR_ci_lower": 0.008149688224138097,
      "DR_ci_upper": 0.010402622540651484
    },
    "1.0": {
      "DR_value": 0.009671714156866074,
      "DR_ci_lower": 0.008442959249205212,
      "DR_ci_upper": 0.010900469064526935
    }
  }
}