{
  "embed_dim": {
    "16": {
      "DR_value": 0.01040957123041153,
      "DR_ci_lower": 0.009039123720273722,
      "DR_ci_upper": 0.011780018740549337
    },
    "32": {
      "DR_value": 0.010372050106525421,
      "DR_ci_lower": 0.008960370853711678,
      "DR_ci_upper": 0.011783729359339164
    },
    "64": {
      "DR_value": 0.010194085538387299,
      "DR_ci_lower": 0.00879355567597947,
      "DR_ci_upper": 0.011594615400795127
    },
    "128": {
      "DR_value": 0.010454884730279446,
      "DR_ci_lower": 0.008930756146210002,
      "DR_ci_upper": 0.011979013314348889
    }
  },
  "n_layers": {
    "1": {
      "DR_value": 0.009355219081044197,
      "DR_ci_lower": 0.008017756199798418,
      "DR_ci_upper": 0.010692681962289976
    },
    "2": {
      "DR_value": 0.009172854945063591,
      "DR_ci_lower": 0.007793541745094267,
      "DR_ci_upper": 0.010552168145032915
    },
    "3": {
      "DR_value": 0.010389543138444424,
      "DR_ci_lower": 0.009039762587082193,
      "DR_ci_upper": 0.011739323689806654
    },
    "4": {
      "DR_value": 0.01012197881937027,
      "DR_ci_lower": 0.0086788068892405,
      "DR_ci_upper": 0.01156515074950004
    }
  },
  "bcq_threshold_ratio": {
    "0.1": {
      "DR_value": 0.01003583986312151,
      "DR_ci_lower": 0.008723072691729778,
      "DR_ci_upper": 0.011348607034513241
    },
    "0.3": {
      "DR_value": 0.009544423781335354,
      "DR_ci_lower": 0.008172422249447696,
      "DR_ci_upper": 0.010916425313223012
    },
    "0.5": {
      "DR_value": 0.009782283566892147,
      "DR_ci_lower": 0.008425304150777895,
      "DR_ci_upper": 0.011139262983006399
    },
    "1.0": {
      "DR_value": 0.0094135208055377,
      "DR_ci_lower": 0.008124220978093788,
      "DR_ci_upper": 0.010702820632981613
    },
    "2.0": {
      "DR_value": 0.009281720966100693,
      "DR_ci_lower": 0.008073118458308451,
      "DR_ci_upper": 0.010490323473892935
    }
  },
  "cvar_alpha": {
    "0.05": {
      "DR_value": 0.010298562236130238,
      "DR_ci_lower": 0.009081514783589035,
      "DR_ci_upper": 0.01151560968867144
    },
    "0.1": {
      "DR_value": 0.010707465000450611,
      "DR_ci_lower": 0.009264608806273665,
      "DR_ci_upper": 0.012150321194627558
    },
    "0.25": {
      "DR_value": 0.010161938145756721,
      "DR_ci_lower": 0.008665278447870236,
      "DR_ci_upper": 0.011658597843643207
    },
    "0.5": {
      "DR_value": 0.008190425112843513,
      "DR_ci_lower": 0.007077002114991491,
      "DR_ci_upper": 0.009303848110695536
    },
    "1.0": {
      "DR_value": 0.009774397127330303,
      "DR_ci_lower": 0.008490972426067797,
      "DR_ci_upper": 0.01105782182859281
    }
  }
}