{
  "embed_dim": {
    "16": {
      "DR_value": 0.011004993692040443,
      "DR_ci_lower": 0.009577204111432768,
      "DR_ci_upper": 0.012432783272648119
    },
    "32": {
      "DR_value": 0.010027275420725346,
      "DR_ci_lower": 0.008629011403088478,
      "DR_ci_upper": 0.011425539438362213
    },
    "64": {
      "DR_value": 0.010483580641448498,
      "DR_ci_lower": 0.009083781733279747,
      "DR_ci_upper": 0.011883379549617249
    },
    "128": {
      "DR_value": 0.010536848567426205,
      "DR_ci_lower": 0.00927781503537025,
      "DR_ci_upper": 0.01179588209948216
    }
  },
  "n_layers": {
    "1": {
      "DR_value": 0.01017586886882782,
      "DR_ci_lower": 0.00896767080915468,
      "DR_ci_upper": 0.01138406692850096
    },
    "2": {
      "DR_value": 0.010526820085942745,
      "DR_ci_lower": 0.009309244328360191,
      "DR_ci_upper": 0.0117443958435253
    },
    "3": {
      "DR_value": 0.009899084456264973,
      "DR_ci_lower": 0.008685115145838352,
      "DR_ci_upper": 0.011113053766691593
    },
    "4": {
      "DR_value": 0.011010737158358097,
      "DR_ci_lower": 0.00968040653688327,
      "DR_ci_upper": 0.012341067779832925
    }
  },
  "bcq_threshold_ratio": {
    "0.1": {
      "DR_value": 0.010337090119719505,
      "DR_ci_lower": 0.009011300540826495,
      "DR_ci_upper": 0.011662879698612516
    },
    "0.3": {
      "DR_value": 0.009957595728337765,
      "DR_ci_lower": 0.008664856107903324,
      "DR_ci_upper": 0.011250335348772206
    },
    "0.5": {
      "DR_value": 0.00988474115729332,
      "DR_ci_lower": 0.008492056936517533,
      "DR_ci_upper": 0.011277425378069106
    },
    "1.0": {
      "DR_value": 0.01043009478598833,
      "DR_ci_lower": 0.009188572553732422,
      "DR_ci_upper": 0.01167161701824424
    },
    "2.0": {
      "DR_value": 0.010110813193023205,
      "DR_ci_lower": 0.008945145673156893,
      "DR_ci_upper": 0.011276480712889517
    }
  },
  "cvar_alpha": {
    "0.05": {
      "DR_value": 0.010199887678027153,
      "DR_ci_lower": 0.00889167727932979,
      "DR_ci_upper": 0.011508098076724515
    },
    "0.1": {
      "DR_value": 0.010218674317002296,
      "DR_ci_lower": 0.008889956528058478,
      "DR_ci_upper": 0.011547392105946115
    },
    "0.25": {
      "DR_value": 0.010822861455380917,
      "DR_ci_lower": 0.009482017025074866,
      "DR_ci_upper": 0.012163705885686967
    },
    "0.5": {
      "DR_value": 0.01037214882671833,
      "DR_ci_lower": 0.009157489658743079,
      "DR_ci_upper": 0.011586807994693582
    },
    "1.0": {
      "DR_value": 0.010261425748467445,
      "DR_ci_lower": 0.008962694797416536,
      "DR_ci_upper": 0.011560156699518355
    }
  }
}