{
  "embed_dim": {
    "16": {
      "DR_value": 0.009609642438590527,
      "DR_ci_lower": 0.008498181382569237,
      "DR_ci_upper": 0.010721103494611816
    },
    "32": {
      "DR_value": 0.011031139642000198,
      "DR_ci_lower": 0.00964511039253526,
      "DR_ci_upper": 0.012417168891465137
    },
    "64": {
      "DR_value": 0.010379510000348091,
      "DR_ci_lower": 0.009144241267251167,
      "DR_ci_upper": 0.011614778733445016
    },
    "128": {
      "DR_value": 0.00976366363465786,
      "DR_ci_lower": 0.008518652860233789,
      "DR_ci_upper": 0.011008674409081931
    }
  },
  "n_layers": {
    "1": {
      "DR_value": 0.009444862604141235,
      "DR_ci_lower": 0.008346821459816769,
      "DR_ci_upper": 0.010542903748465702
    },
    "2": {
      "DR_value": 0.010061480104923248,
      "DR_ci_lower": 0.008992895367759456,
      "DR_ci_upper": 0.011130064842087041
    },
    "3": {
      "DR_value": 0.009038486517965794,
      "DR_ci_lower": 0.007985398350780997,
      "DR_ci_upper": 0.01009157468515059
    },
    "4": {
      "DR_value": 0.008478931151330471,
      "DR_ci_lower": 0.007358166867437115,
      "DR_ci_upper": 0.009599695435223828
    }
  },
  "bcq_threshold_ratio": {
    "0.1": {
      "DR_value": 0.010075998492538929,
      "DR_ci_lower": 0.008918761604436283,
      "DR_ci_upper": 0.011233235380641575
    },
    "0.3": {
      "DR_value": 0.009500122629106045,
      "DR_ci_lower": 0.008241733464813775,
      "DR_ci_upper": 0.010758511793398314
    },
    "0.5": {
      "DR_value": 0.009839066304266453,
      "DR_ci_lower": 0.008555618645542386,
      "DR_ci_upper": 0.01112251396299052
    },
    "1.0": {
      "DR_value": 0.009604751132428646,
      "DR_ci_lower": 0.008524569405214866,
      "DR_ci_upper": 0.010684932859642426
    },
    "2.0": {
      "DR_value": 0.009414278902113438,
      "DR_ci_lower": 0.008272193300933659,
      "DR_ci_upper": 0.010556364503293217
    }
  },
  "cvar_alpha": {
    "0.05": {
      "DR_value": 0.009372219443321228,
      "DR_ci_lower": 0.008238017604496701,
      "DR_ci_upper": 0.010506421282145755
    },
    "0.1": {
      "DR_value": 0.009686925448477268,
      "DR_ci_lower": 0.008534088315368935,
      "DR_ci_upper": 0.010839762581585602
    },
    "0.25": {
      "DR_value": 0.009805530309677124,
      "DR_ci_lower": 0.008657820130414948,
      "DR_ci_upper": 0.0109532404889393
    },
    "0.5": {
      "DR_value": 0.009863132610917091,
      "DR_ci_lower": 0.008547253711494791,
      "DR_ci_upper": 0.011179011510339391
    },
    "1.0": {
      "DR_value": 0.009490488097071648,
      "DR_ci_lower": 0.008309754955625144,
      "DR_ci_upper": 0.010671221238518151
    }
  }
}