{
  "embed_dim": {
    "16": {
      "DR_value": 0.009943494573235512,
      "DR_ci_lower": 0.008895227118696671,
      "DR_ci_upper": 0.010991762027774353
    },
    "32": {
      "DR_value": 0.00976736843585968,
      "DR_ci_lower": 0.008473173000594287,
      "DR_ci_upper": 0.011061563871125073
    },
    "64": {
      "DR_value": 0.010405884124338627,
      "DR_ci_lower": 0.009133690440012028,
      "DR_ci_upper": 0.011678077808665225
    },
    "128": {
      "DR_value": 0.008830930106341839,
      "DR_ci_lower": 0.007706079465147022,
      "DR_ci_upper": 0.009955780747536655
    }
  },
  "n_layers": {
    "1": {
      "DR_value": 0.00939000491052866,
      "DR_ci_lower": 0.008268923402698861,
      "DR_ci_upper": 0.010511086418358458
    },
    "2": {
      "DR_value": 0.010269894264638424,
      "DR_ci_lower": 0.0091358689998701,
      "DR_ci_upper": 0.011403919529406748
    },
    "3": {
      "DR_value": 0.010243880562484264,
      "DR_ci_lower": 0.009013999180366942,
      "DR_ci_upper": 0.011473761944601587
    },
    "4": {
      "DR_value": 0.010708821937441826,
      "DR_ci_lower": 0.009443474536605746,
      "DR_ci_upper": 0.011974169338277905
    }
  },
  "bcq_threshold_ratio": {
    "0.1": {
      "DR_value": 0.010591540485620499,
      "DR_ci_lower": 0.009302034182735263,
      "DR_ci_upper": 0.011881046788505734
    },
    "0.3": {
      "DR_value": 0.009924370795488358,
      "DR_ci_lower": 0.008697591788361709,
      "DR_ci_upper": 0.011151149802615007
    },
    "0.5": {
      "DR_value": 0.009667646139860153,
      "DR_ci_lower": 0.008457035987883145,
      "DR_ci_upper": 0.010878256291837161
    },
    "1.0": {
      "DR_value": 0.010099231265485287,
      "DR_ci_lower": 0.008945773855776634,
      "DR_ci_upper": 0.01125268867519394
    },
    "2.0": {
      "DR_value": 0.009713863022625446,
      "DR_ci_lower": 0.0086213114041558,
      "DR_ci_upper": 0.010806414641095092
    }
  },
  "cvar_alpha": {
    "0.05": {
      "DR_value": 0.009617108851671219,
      "DR_ci_lower": 0.008261361769419514,
      "DR_ci_upper": 0.010972855933922923
    },
    "0.1": {
      "DR_value": 0.009204463101923466,
      "DR_ci_lower": 0.008076389488208418,
      "DR_ci_upper": 0.010332536715638514
    },
    "0.25": {
      "DR_value": 0.010254310443997383,
      "DR_ci_lower": 0.009076884310717442,
      "DR_ci_upper": 0.011431736577277325
    },
    "0.5": {
      "DR_value": 0.010593501850962639,
      "DR_ci_lower": 0.009462615948206392,
      "DR_ci_upper": 0.011724387753718885
    },
    "1.0": {
      "DR_value": 0.009402308613061905,
      "DR_ci_lower": 0.008155816657228985,
      "DR_ci_upper": 0.010648800568894825
    }
  }
}