{
  "Full GNN-Bandit": {
    "IPW": {
      "value": 0.008632835000753403,
      "std": 0.41346004605293274,
      "ci_lower": 0.00792057851602767,
      "ci_upper": 0.009345091485479136
    },
    "SNIPW": {
      "value": 0.008914901874959469,
      "std": 3.2983007258735597e-07,
      "ci_lower": 0.008914901306770086,
      "ci_upper": 0.008914902443148852
    },
    "DM": {
      "value": 0.014964978210628033,
      "std": 0.061027005314826965,
      "ci_lower": 0.014859848632343913,
      "ci_upper": 0.015070107788912152
    },
    "DR": {
      "value": 0.010464162565767765,
      "std": 0.5411944389343262,
      "ci_lower": 0.009531861482970689,
      "ci_upper": 0.011396463648564841
    }
  },
  "No-Graph (BCQ only)": {
    "IPW": {
      "value": 0.006469516549259424,
      "std": 0.28040286898612976,
      "ci_lower": 0.005986474079551233,
      "ci_upper": 0.006952559018967615
    },
    "SNIPW": {
      "value": 0.006708349566906691,
      "std": 2.2460525883616356e-07,
      "ci_lower": 0.006708349179985261,
      "ci_upper": 0.00670834995382812
    },
    "DM": {
      "value": 0.0065664672292768955,
      "std": 0.01814115047454834,
      "ci_lower": 0.0065352159579890575,
      "ci_upper": 0.006597718500564734
    },
    "DR": {
      "value": 0.006917722523212433,
      "std": 0.29876792430877686,
      "ci_lower": 0.006403043067365495,
      "ci_upper": 0.007432401979059371
    }
  },
  "No-Constraint (GNN+DQN)": {
    "IPW": {
      "value": 0.0050183008424937725,
      "std": 0.21722504496574402,
      "ci_lower": 0.004644093108521136,
      "ci_upper": 0.005392508576466409
    },
    "SNIPW": {
      "value": 0.005453386344015598,
      "std": 1.8235304821700993e-07,
      "ci_lower": 0.005453386029880914,
      "ci_upper": 0.005453386658150283
    },
    "DM": {
      "value": 0.0053506409749388695,
      "std": 0.0033847594168037176,
      "ci_lower": 0.005344810141060555,
      "ci_upper": 0.005356471808817184
    },
    "DR": {
      "value": 0.0053324573673307896,
      "std": 0.21926173567771912,
      "ci_lower": 0.0049547410811272095,
      "ci_upper": 0.00571017365353437
    }
  },
  "Minimal (Context+DQN)": {
    "IPW": {
      "value": 0.005015234928578138,
      "std": 0.21713481843471527,
      "ci_lower": 0.004641182625420239,
      "ci_upper": 0.005389287231736038
    },
    "SNIPW": {
      "value": 0.00545048713684082,
      "std": 1.822917994331874e-07,
      "ci_lower": 0.005450486822811648,
      "ci_upper": 0.005450487450869993
    },
    "DM": {
      "value": 0.004893256351351738,
      "std": 0.0034680054523050785,
      "ci_lower": 0.00488728211177031,
      "ci_upper": 0.004899230590933166
    },
    "DR": {
      "value": 0.005329969339072704,
      "std": 0.21769964694976807,
      "ci_lower": 0.004954944021045666,
      "ci_upper": 0.005704994657099742
    }
  }
}