{
  "Full GNN-Bandit": {
    "IPW": {
      "value": 0.007942997850477695,
      "std": 0.34105706214904785,
      "ci_lower": 0.007355468035937726,
      "ci_upper": 0.008530527665017664
    },
    "SNIPW": {
      "value": 0.008287610486149788,
      "std": 2.7489411991155066e-07,
      "ci_lower": 0.008287610012597093,
      "ci_upper": 0.008287610959702483
    },
    "DM": {
      "value": 0.01272040605545044,
      "std": 0.05287689343094826,
      "ci_lower": 0.012629316455384166,
      "ci_upper": 0.012811495655516713
    },
    "DR": {
      "value": 0.009496595710515976,
      "std": 0.45016175508499146,
      "ci_lower": 0.008721114180206869,
      "ci_upper": 0.010272077240825083
    }
  },
  "No-Graph (BCQ only)": {
    "IPW": {
      "value": 0.006416993215680122,
      "std": 0.27848196029663086,
      "ci_lower": 0.005937259843631361,
      "ci_upper": 0.0068967265877288835
    },
    "SNIPW": {
      "value": 0.006647574715316296,
      "std": 2.2285495049345627e-07,
      "ci_lower": 0.0066475743314100754,
      "ci_upper": 0.006647575099222516
    },
    "DM": {
      "value": 0.0058760130777955055,
      "std": 0.01624457538127899,
      "ci_lower": 0.005848028985336302,
      "ci_upper": 0.005903997170254709
    },
    "DR": {
      "value": 0.006721102632582188,
      "std": 0.3161608874797821,
      "ci_lower": 0.006176460787562686,
      "ci_upper": 0.007265744477601689
    }
  },
  "No-Constraint (GNN+DQN)": {
    "IPW": {
      "value": 0.005017486866563559,
      "std": 0.21731683611869812,
      "ci_lower": 0.004643121006444136,
      "ci_upper": 0.005391852726682981
    },
    "SNIPW": {
      "value": 0.0054530915804207325,
      "std": 1.8244983834847517e-07,
      "ci_lower": 0.00545309126611931,
      "ci_upper": 0.005453091894722155
    },
    "DM": {
      "value": 0.003935591317713261,
      "std": 0.003078499808907509,
      "ci_lower": 0.00393028806901232,
      "ci_upper": 0.0039408945664142015
    },
    "DR": {
      "value": 0.005278168246150017,
      "std": 0.21749219298362732,
      "ci_lower": 0.004903500303482645,
      "ci_upper": 0.005652836188817388
    }
  },
  "Minimal (Context+DQN)": {
    "IPW": {
      "value": 0.0050157648511230946,
      "std": 0.21698173880577087,
      "ci_lower": 0.004641976254118755,
      "ci_upper": 0.0053895534481274345
    },
    "SNIPW": {
      "value": 0.005451125092804432,
      "std": 1.8216533703707682e-07,
      "ci_lower": 0.005451124778993112,
      "ci_upper": 0.005451125406615752
    },
    "DM": {
      "value": 0.004325199872255325,
      "std": 0.0032591212075203657,
      "ci_lower": 0.004319585471936059,
      "ci_upper": 0.004330814272574592
    },
    "DR": {
      "value": 0.005324392579495907,
      "std": 0.21746337413787842,
      "ci_lower": 0.0049497742822778665,
      "ci_upper": 0.005699010876713947
    }
  }
}