{
  "Full GNN-Bandit": {
    "IPW": {
      "value": 0.008467590436339378,
      "std": 0.40745508670806885,
      "ci_lower": 0.007765678533332543,
      "ci_upper": 0.009169502339346214
    },
    "SNIPW": {
      "value": 0.008654147386550903,
      "std": 3.216901234281977e-07,
      "ci_lower": 0.008654146832383993,
      "ci_upper": 0.008654147940717814
    },
    "DM": {
      "value": 0.01315119955688715,
      "std": 0.05494274944067001,
      "ci_lower": 0.013056551162317078,
      "ci_upper": 0.013245847951457222
    },
    "DR": {
      "value": 0.01002624724060297,
      "std": 0.5128287076950073,
      "ci_lower": 0.009142811038976554,
      "ci_upper": 0.010909683442229387
    }
  },
  "No-Graph (BCQ only)": {
    "IPW": {
      "value": 0.006422706879675388,
      "std": 0.2768665552139282,
      "ci_lower": 0.005945756322451416,
      "ci_upper": 0.0068996574368993605
    },
    "SNIPW": {
      "value": 0.0066575706005096436,
      "std": 2.2169800217852753e-07,
      "ci_lower": 0.006657570218596466,
      "ci_upper": 0.006657570982422821
    },
    "DM": {
      "value": 0.0055369227193295956,
      "std": 0.01613009162247181,
      "ci_lower": 0.0055091358449580515,
      "ci_upper": 0.00556470959370114
    },
    "DR": {
      "value": 0.00674330722540617,
      "std": 0.3120110332965851,
      "ci_lower": 0.006205814222411104,
      "ci_upper": 0.007280800228401236
    }
  },
  "No-Constraint (GNN+DQN)": {
    "IPW": {
      "value": 0.005017231218516827,
      "std": 0.2171688675880432,
      "ci_lower": 0.004643120259799609,
      "ci_upper": 0.005391342177234045
    },
    "SNIPW": {
      "value": 0.005452355369925499,
      "std": 1.823103019660266e-07,
      "ci_lower": 0.005452355055864453,
      "ci_upper": 0.005452355683986545
    },
    "DM": {
      "value": 0.0037261764518916607,
      "std": 0.0030563652981072664,
      "ci_lower": 0.0037209113337162785,
      "ci_upper": 0.003731441570067043
    },
    "DR": {
      "value": 0.005244283936917782,
      "std": 0.217801034450531,
      "ci_lower": 0.004869083961374068,
      "ci_upper": 0.005619483912461496
    }
  },
  "Minimal (Context+DQN)": {
    "IPW": {
      "value": 0.005017885472625494,
      "std": 0.21745441854000092,
      "ci_lower": 0.004643282602974697,
      "ci_upper": 0.005392488342276291
    },
    "SNIPW": {
      "value": 0.005453239195048809,
      "std": 1.8255579448123171e-07,
      "ci_lower": 0.005453238880564859,
      "ci_upper": 0.005453239509532759
    },
    "DM": {
      "value": 0.004051370080560446,
      "std": 0.003144805086776614,
      "ci_lower": 0.0040459526095432624,
      "ci_upper": 0.004056787551577629
    },
    "DR": {
      "value": 0.005288675893098116,
      "std": 0.21807613968849182,
      "ci_lower": 0.004913002001170968,
      "ci_upper": 0.0056643497850252635
    }
  }
}