{
  "Full GNN-Bandit": {
    "IPW": {
      "value": 0.00807405635714531,
      "std": 0.3361510634422302,
      "ci_lower": 0.007494977974433749,
      "ci_upper": 0.00865313473985687
    },
    "SNIPW": {
      "value": 0.008219560608267784,
      "std": 2.643534173785156e-07,
      "ci_lower": 0.008219560152873272,
      "ci_upper": 0.008219561063662296
    },
    "DM": {
      "value": 0.013988440856337547,
      "std": 0.058993224054574966,
      "ci_lower": 0.013886814818250255,
      "ci_upper": 0.01409006689442484
    },
    "DR": {
      "value": 0.009785957634449005,
      "std": 0.47437742352485657,
      "ci_lower": 0.00896876042437128,
      "ci_upper": 0.01060315484452673
    }
  },
  "No-Graph (BCQ only)": {
    "IPW": {
      "value": 0.0063145156018435955,
      "std": 0.2752194106578827,
      "ci_lower": 0.005840402536180232,
      "ci_upper": 0.006788628667506959
    },
    "SNIPW": {
      "value": 0.006547736935317516,
      "std": 2.2045698244710366e-07,
      "ci_lower": 0.0065477365555422105,
      "ci_upper": 0.006547737315092822
    },
    "DM": {
      "value": 0.005953802727162838,
      "std": 0.015366336330771446,
      "ci_lower": 0.00592733155346044,
      "ci_upper": 0.005980273900865236
    },
    "DR": {
      "value": 0.00676514208316803,
      "std": 0.29083091020584106,
      "ci_lower": 0.006264135507731529,
      "ci_upper": 0.00726614865860453
    }
  },
  "No-Constraint (GNN+DQN)": {
    "IPW": {
      "value": 0.005018077790737152,
      "std": 0.21737363934516907,
      "ci_lower": 0.004643614077229492,
      "ci_upper": 0.005392541504244812
    },
    "SNIPW": {
      "value": 0.005453714169561863,
      "std": 1.824968762775825e-07,
      "ci_lower": 0.00545371385517941,
      "ci_upper": 0.005453714483944316
    },
    "DM": {
      "value": 0.003937794826924801,
      "std": 0.0034092809073626995,
      "ci_lower": 0.00393192175053519,
      "ci_upper": 0.003943667903314412
    },
    "DR": {
      "value": 0.005269700661301613,
      "std": 0.21811513602733612,
      "ci_lower": 0.00489395959143191,
      "ci_upper": 0.0056454417311713155
    }
  },
  "Minimal (Context+DQN)": {
    "IPW": {
      "value": 0.005019021220505238,
      "std": 0.21718192100524902,
      "ci_lower": 0.004644887775017795,
      "ci_upper": 0.00539315466599268
    },
    "SNIPW": {
      "value": 0.005454240366816521,
      "std": 1.8231924059364246e-07,
      "ci_lower": 0.005454240052740075,
      "ci_upper": 0.005454240680892966
    },
    "DM": {
      "value": 0.004535621963441372,
      "std": 0.0033241251949220896,
      "ci_lower": 0.004529895582503901,
      "ci_upper": 0.004541348344378843
    },
    "DR": {
      "value": 0.005310365464538336,
      "std": 0.21771395206451416,
      "ci_lower": 0.004935315503475435,
      "ci_upper": 0.005685415425601237
    }
  }
}