{
  "Full GNN-Bandit": {
    "IPW": {
      "value": 0.008260847069323063,
      "std": 0.41025635600090027,
      "ci_lower": 0.0075541094951580845,
      "ci_upper": 0.008967584643488041
    },
    "SNIPW": {
      "value": 0.008544442243874073,
      "std": 3.277993130268442e-07,
      "ci_lower": 0.008544441679183026,
      "ci_upper": 0.00854444280856512
    },
    "DM": {
      "value": 0.011916890740394592,
      "std": 0.05466952919960022,
      "ci_lower": 0.011822713014974581,
      "ci_upper": 0.012011068465814604
    },
    "DR": {
      "value": 0.009731956757605076,
      "std": 0.5181047320365906,
      "ci_lower": 0.008839431690955937,
      "ci_upper": 0.010624481824254215
    }
  },
  "No-Graph (BCQ only)": {
    "IPW": {
      "value": 0.006475800182670355,
      "std": 0.2792658507823944,
      "ci_lower": 0.005994716423595979,
      "ci_upper": 0.0069568839417447305
    },
    "SNIPW": {
      "value": 0.006728758569806814,
      "std": 2.2415731848468567e-07,
      "ci_lower": 0.00672875818365704,
      "ci_upper": 0.006728758955956589
    },
    "DM": {
      "value": 0.005658285226672888,
      "std": 0.016573244705796242,
      "ci_lower": 0.005629734944421097,
      "ci_upper": 0.005686835508924679
    },
    "DR": {
      "value": 0.006857377011328936,
      "std": 0.30515921115875244,
      "ci_lower": 0.006331687457775835,
      "ci_upper": 0.007383066564882036
    }
  },
  "No-Constraint (GNN+DQN)": {
    "IPW": {
      "value": 0.005017404910176992,
      "std": 0.2171320766210556,
      "ci_lower": 0.004643357330267633,
      "ci_upper": 0.005391452490086351
    },
    "SNIPW": {
      "value": 0.005452892743051052,
      "std": 1.8229107467959693e-07,
      "ci_lower": 0.005452892429023128,
      "ci_upper": 0.005452893057078976
    },
    "DM": {
      "value": 0.003075780114158988,
      "std": 0.00319348624907434,
      "ci_lower": 0.003070278781414749,
      "ci_upper": 0.003081281446903227
    },
    "DR": {
      "value": 0.005220762919634581,
      "std": 0.217947319149971,
      "ci_lower": 0.004845310943379342,
      "ci_upper": 0.005596214895889819
    }
  },
  "Minimal (Context+DQN)": {
    "IPW": {
      "value": 0.005018992815166712,
      "std": 0.21711064875125885,
      "ci_lower": 0.004644982148471489,
      "ci_upper": 0.005393003481861934
    },
    "SNIPW": {
      "value": 0.005454856436699629,
      "std": 1.8228102760531328e-07,
      "ci_lower": 0.005454856122689013,
      "ci_upper": 0.005454856750710245
    },
    "DM": {
      "value": 0.004001721739768982,
      "std": 0.0033269007690250874,
      "ci_lower": 0.003995990577424764,
      "ci_upper": 0.0040074529021132
    },
    "DR": {
      "value": 0.005273935850709677,
      "std": 0.21784265339374542,
      "ci_lower": 0.004898664179333499,
      "ci_upper": 0.005649207522085854
    }
  }
}