{
  "dataset": "obd-women",
  "seed": 4,
  "config": {
    "gcn_embed_dim": 64,
    "gcn_n_layers": 3,
    "gcn_lr": 0.001,
    "gcn_epochs": 100,
    "gcn_batch_size": 16384,
    "gcn_reg": 0.0001,
    "bcq_hidden": 256,
    "bcq_n_hidden": 2,
    "bcq_threshold_ratio": 0.3,
    "bcq_min_actions": 5,
    "bcq_lr": 0.001,
    "bcq_epochs_bc": 30,
    "bcq_epochs_q": 100,
    "bcq_batch_size": 16384,
    "bcq_temperature": 0.1,
    "bcq_hybrid_weight": 1.0,
    "bcq_num_quantiles": 32,
    "bcq_cvar_alpha": 0.1,
    "cate_hidden": 128,
    "cate_epochs": 50,
    "cate_uplift_weight": 0.5,
    "rm_hidden": 128,
    "rm_epochs": 30,
    "ope_clip": 100.0,
    "dqn_epochs": 50,
    "mf_epochs": 30,
    "cql_alpha": 1.0,
    "iql_expectile": 0.7
  },
  "ope_results": {
    "GNN-Bandit": {
      "IPW": {
        "value": 0.008602678775787354,
        "std": 0.4592955410480499,
        "ci_lower": 0.007811462718419609,
        "ci_upper": 0.009393894833155099,
        "n": 1294513
      },
      "SNIPW": {
        "value": 0.009197406470775604,
        "std": 3.793302596477588e-07,
        "ci_lower": 0.009197405817313584,
        "ci_upper": 0.009197407124237625,
        "n": 1294513
      },
      "DM": {
        "value": 0.014507805928587914,
        "std": 0.0607934407889843,
        "ci_lower": 0.014403078705621367,
        "ci_upper": 0.01461253315155446,
        "n": 1294513
      },
      "DR": {
        "value": 0.010822963900864124,
        "std": 0.5587714910507202,
        "ci_lower": 0.009860383303826726,
        "ci_upper": 0.011785544497901522,
        "n": 1294513
      }
    },
    "Random": {
      "IPW": {
        "value": 0.005008130334317684,
        "std": 0.2172199785709381,
        "ci_lower": 0.004633931328086915,
        "ci_upper": 0.005382329340548453,
        "n": 1294513
      },
      "SNIPW": {
        "value": 0.005443375091999769,
        "std": 1.823836726089212e-07,
        "ci_lower": 0.005443374777812329,
        "ci_upper": 0.005443375406187209,
        "n": 1294513
      },
      "DM": {
        "value": 0.0051165614277124405,
        "std": 0.002334131859242916,
        "ci_lower": 0.005112540481628722,
        "ci_upper": 0.005120582373796159,
        "n": 1294513
      },
      "DR": {
        "value": 0.005299901124089956,
        "std": 0.21776273846626282,
        "ci_lower": 0.004924767120006833,
        "ci_upper": 0.00567503512817308,
        "n": 1294513
      }
    },
    "BTS": {
      "IPW": {
        "value": 0.006466069724410772,
        "std": 0.07749706506729126,
        "ci_lower": 0.006332567617814665,
        "ci_upper": 0.00659957183100688,
        "n": 1294513
      },
      "SNIPW": {
        "value": 0.006907000672072172,
        "std": 6.394814278110061e-08,
        "ci_lower": 0.006907000561910429,
        "ci_upper": 0.006907000782233916,
        "n": 1294513
      },
      "DM": {
        "value": 0.005237091798335314,
        "std": 0.002662968821823597,
        "ci_lower": 0.005232504373673431,
        "ci_upper": 0.005241679222997196,
        "n": 1294513
      },
      "DR": {
        "value": 0.005738100502640009,
        "std": 0.07810609042644501,
        "ci_lower": 0.005603549244461878,
        "ci_upper": 0.00587265176081814,
        "n": 1294513
      }
    },
    "LinUCB": {
      "IPW": {
        "value": 0.005023560021072626,
        "std": 0.22486473619937897,
        "ci_lower": 0.0046361915967880595,
        "ci_upper": 0.005410928445357193,
        "n": 1294513
      },
      "SNIPW": {
        "value": 0.005529381334781647,
        "std": 1.9119647731713485e-07,
        "ci_lower": 0.005529381005412625,
        "ci_upper": 0.005529381664150668,
        "n": 1294513
      },
      "DM": {
        "value": 0.008077646605670452,
        "std": 0.03349858522415161,
        "ci_lower": 0.008019939495194328,
        "ci_upper": 0.008135353716146576,
        "n": 1294513
      },
      "DR": {
        "value": 0.006127989385277033,
        "std": 0.33014020323753357,
        "ci_lower": 0.005559265749536663,
        "ci_upper": 0.006696713021017403,
        "n": 1294513
      }
    },
    "NeuralUCB": {
      "IPW": {
        "value": 0.0053639765828847885,
        "std": 0.2339584082365036,
        "ci_lower": 0.004960942734721316,
        "ci_upper": 0.005767010431048261,
        "n": 1294513
      },
      "SNIPW": {
        "value": 0.005826212465763092,
        "std": 1.9630515168955753e-07,
        "ci_lower": 0.005826212127593495,
        "ci_upper": 0.005826212803932689,
        "n": 1294513
      },
      "DM": {
        "value": 0.00974185299128294,
        "std": 0.04618921875953674,
        "ci_lower": 0.009662284068239567,
        "ci_upper": 0.009821421914326313,
        "n": 1294513
      },
      "DR": {
        "value": 0.006881261710077524,
        "std": 0.3716358244419098,
        "ci_lower": 0.006241054685379287,
        "ci_upper": 0.007521468734775761,
        "n": 1294513
      }
    },
    "DQN": {
      "IPW": {
        "value": 0.005018213763833046,
        "std": 0.21721585094928741,
        "ci_lower": 0.004644021868144917,
        "ci_upper": 0.005392405659521175,
        "n": 1294513
      },
      "SNIPW": {
        "value": 0.005453630816191435,
        "std": 1.8235668619581702e-07,
        "ci_lower": 0.005453630502050484,
        "ci_upper": 0.005453631130332386,
        "n": 1294513
      },
      "DM": {
        "value": 0.005232484545558691,
        "std": 0.0033067059703171253,
        "ci_lower": 0.005226788172250257,
        "ci_upper": 0.005238180918867125,
        "n": 1294513
      },
      "DR": {
        "value": 0.005335196852684021,
        "std": 0.21852734684944153,
        "ci_lower": 0.004958745678334039,
        "ci_upper": 0.005711648027034003,
        "n": 1294513
      }
    },
    "CQL": {
      "IPW": {
        "value": 0.008040818385779858,
        "std": 0.2655194103717804,
        "ci_lower": 0.00758341524933837,
        "ci_upper": 0.008498221522221346,
        "n": 1294513
      },
      "SNIPW": {
        "value": 0.008308102376759052,
        "std": 2.1192953170157125e-07,
        "ci_lower": 0.008308102011673757,
        "ci_upper": 0.008308102741844348,
        "n": 1294513
      },
      "DM": {
        "value": 0.009984702803194523,
        "std": 0.03183386102318764,
        "ci_lower": 0.0099298634682598,
        "ci_upper": 0.010039542138129246,
        "n": 1294513
      },
      "DR": {
        "value": 0.008722841739654541,
        "std": 0.31841015815734863,
        "ci_lower": 0.008174325136623245,
        "ci_upper": 0.009271358342685837,
        "n": 1294513
      }
    },
    "IQL": {
      "IPW": {
        "value": 0.0053229923360049725,
        "std": 0.234866663813591,
        "ci_lower": 0.0049183938604228546,
        "ci_upper": 0.00572759081158709,
        "n": 1294513
      },
      "SNIPW": {
        "value": 0.005786254536360502,
        "std": 1.9722259025911626e-07,
        "ci_lower": 0.005786254196610458,
        "ci_upper": 0.005786254876110546,
        "n": 1294513
      },
      "DM": {
        "value": 0.00992008950561285,
        "std": 0.04705949127674103,
        "ci_lower": 0.009839021387545012,
        "ci_upper": 0.010001157623680689,
        "n": 1294513
      },
      "DR": {
        "value": 0.007237496320158243,
        "std": 0.34944143891334534,
        "ci_lower": 0.006635522965600891,
        "ci_upper": 0.007839469674715596,
        "n": 1294513
      }
    },
    "MF-Bandit": {
      "IPW": {
        "value": 0.006433622911572456,
        "std": 0.27908676862716675,
        "ci_lower": 0.0059528476525032865,
        "ci_upper": 0.006914398170641626,
        "n": 1294513
      },
      "SNIPW": {
        "value": 0.006682509556412697,
        "std": 2.239323464436893e-07,
        "ci_lower": 0.006682509170650475,
        "ci_upper": 0.0066825099421749185,
        "n": 1294513
      },
      "DM": {
        "value": 0.006378869526088238,