{
  "dataset": "obd-women",
  "seed": 0,
  "config": {
    "gcn_embed_dim": 64,
    "gcn_n_layers": 3,
    "gcn_lr": 0.001,
    "gcn_epochs": 100,
    "gcn_batch_size": 16384,
    "gcn_reg": 0.0001,
    "bcq_hidden": 256,
    "bcq_n_hidden": 2,
    "bcq_threshold_ratio": 0.3,
    "bcq_min_actions": 5,
    "bcq_lr": 0.001,
    "bcq_epochs_bc": 30,
    "bcq_epochs_q": 100,
    "bcq_batch_size": 16384,
    "bcq_temperature": 0.1,
    "bcq_hybrid_weight": 1.0,
    "bcq_num_quantiles": 32,
    "bcq_cvar_alpha": 0.1,
    "cate_hidden": 128,
    "cate_epochs": 50,
    "cate_uplift_weight": 0.5,
    "rm_hidden": 128,
    "rm_epochs": 30,
    "ope_clip": 100.0,
    "dqn_epochs": 50,
    "mf_epochs": 30,
    "cql_alpha": 1.0,
    "iql_expectile": 0.7
  },
  "ope_results": {
    "GNN-Bandit": {
      "IPW": {
        "value": 0.007953709922730923,
        "std": 0.3416297137737274,
        "ci_lower": 0.007365193616661578,
        "ci_upper": 0.008542226228800269,
        "n": 1294513
      },
      "SNIPW": {
        "value": 0.008180420845746994,
        "std": 2.7142831982018834e-07,
        "ci_lower": 0.008180420378164738,
        "ci_upper": 0.00818042131332925,
        "n": 1294513
      },
      "DM": {
        "value": 0.013108170591294765,
        "std": 0.053833186626434326,
        "ci_lower": 0.013015433610698533,
        "ci_upper": 0.013200907571890998,
        "n": 1294513
      },
      "DR": {
        "value": 0.009532744064927101,
        "std": 0.4567040503025055,
        "ci_lower": 0.008745992298864505,
        "ci_upper": 0.010319495830989697,
        "n": 1294513
      }
    },
    "Random": {
      "IPW": {
        "value": 0.005008130334317684,
        "std": 0.2172199785709381,
        "ci_lower": 0.004633931328086915,
        "ci_upper": 0.005382329340548453,
        "n": 1294513
      },
      "SNIPW": {
        "value": 0.005443375091999769,
        "std": 1.823836726089212e-07,
        "ci_lower": 0.005443374777812329,
        "ci_upper": 0.005443375406187209,
        "n": 1294513
      },
      "DM": {
        "value": 0.003620640141889453,
        "std": 0.002137149916961789,
        "ci_lower": 0.003616958531291963,
        "ci_upper": 0.0036243217524869428,
        "n": 1294513
      },
      "DR": {
        "value": 0.005205755587667227,
        "std": 0.21733853220939636,
        "ci_lower": 0.0048313523522767465,
        "ci_upper": 0.005580158823057707,
        "n": 1294513
      }
    },
    "BTS": {
      "IPW": {
        "value": 0.006466069724410772,
        "std": 0.07749706506729126,
        "ci_lower": 0.006332567617814665,
        "ci_upper": 0.00659957183100688,
        "n": 1294513
      },
      "SNIPW": {
        "value": 0.006907000672072172,
        "std": 6.394814278110061e-08,
        "ci_lower": 0.006907000561910429,
        "ci_upper": 0.006907000782233916,
        "n": 1294513
      },
      "DM": {
        "value": 0.003741747932508588,
        "std": 0.0023995693773031235,
        "ci_lower": 0.0037376142589750764,
        "ci_upper": 0.0037458816060420993,
        "n": 1294513
      },
      "DR": {
        "value": 0.005674374755471945,
        "std": 0.07792332023382187,
        "ci_lower": 0.0055401383505817026,
        "ci_upper": 0.005808611160362187,
        "n": 1294513
      }
    },
    "LinUCB": {
      "IPW": {
        "value": 0.005023586098104715,
        "std": 0.22508253157138824,
        "ci_lower": 0.00463584248359914,
        "ci_upper": 0.0054113297126102905,
        "n": 1294513
      },
      "SNIPW": {
        "value": 0.005528929177671671,
        "std": 1.9136501805405715e-07,
        "ci_lower": 0.005528928848012309,
        "ci_upper": 0.005528929507331033,
        "n": 1294513
      },
      "DM": {
        "value": 0.0063200402073562145,
        "std": 0.032041553407907486,
        "ci_lower": 0.00626484308634456,
        "ci_upper": 0.006375237328367869,
        "n": 1294513
      },
      "DR": {
        "value": 0.005893522407859564,
        "std": 0.3272595703601837,
        "ci_lower": 0.005329761160786717,
        "ci_upper": 0.006457283654932411,
        "n": 1294513
      }
    },
    "NeuralUCB": {
      "IPW": {
        "value": 0.005281217861920595,
        "std": 0.2293463498353958,
        "ci_lower": 0.004886129082538212,
        "ci_upper": 0.0056763066413029785,
        "n": 1294513
      },
      "SNIPW": {
        "value": 0.005739736836403608,
        "std": 1.925499191202107e-07,
        "ci_lower": 0.005739736504703049,
        "ci_upper": 0.005739737168104168,
        "n": 1294513
      },
      "DM": {
        "value": 0.00789511390030384,
        "std": 0.04307680204510689,
        "ci_lower": 0.007820906653700995,
        "ci_upper": 0.007969321146906686,
        "n": 1294513
      },
      "DR": {
        "value": 0.006900947540998459,
        "std": 0.34160056710243225,
        "ci_lower": 0.006312481445114684,
        "ci_upper": 0.007489413636882234,
        "n": 1294513
      }
    },
    "DQN": {
      "IPW": {
        "value": 0.005016384646296501,
        "std": 0.21734212338924408,
        "ci_lower": 0.004641975224477226,
        "ci_upper": 0.005390794068115776,
        "n": 1294513
      },
      "SNIPW": {
        "value": 0.0054517933167517185,
        "std": 1.824677156037069e-07,
        "ci_lower": 0.005451793002419499,
        "ci_upper": 0.005451793631083938,
        "n": 1294513
      },
      "DM": {
        "value": 0.003733557416126132,
        "std": 0.003122331341728568,
        "ci_lower": 0.003728178660024209,
        "ci_upper": 0.003738936172228055,
        "n": 1294513
      },
      "DR": {
        "value": 0.005243420135229826,
        "std": 0.218243807554245,
        "ci_lower": 0.004867457406386505,
        "ci_upper": 0.005619382864073147,
        "n": 1294513
      }
    },
    "CQL": {
      "IPW": {
        "value": 0.00799631979316473,
        "std": 0.2640001177787781,
        "ci_lower": 0.007541533901150829,
        "ci_upper": 0.008451105685178631,
        "n": 1294513
      },
      "SNIPW": {
        "value": 0.00824234914034605,
        "std": 2.1021250518060697e-07,
        "ci_lower": 0.00824234877821863,
        "ci_upper": 0.00824234950247347,
        "n": 1294513
      },
      "DM": {
        "value": 0.008021924644708633,
        "std": 0.027669958770275116,
        "ci_lower": 0.007974258352029657,
        "ci_upper": 0.00806959093738761,
        "n": 1294513
      },
      "DR": {
        "value": 0.008482709527015686,
        "std": 0.31613653898239136,
        "ci_lower": 0.007938109626496808,
        "ci_upper": 0.009027309427534564,
        "n": 1294513
      }
    },
    "IQL": {
      "IPW": {
        "value": 0.0052643571980297565,
        "std": 0.22763270139694214,
        "ci_lower": 0.004872220474654914,
        "ci_upper": 0.005656493921404599,
        "n": 1294513
      },
      "SNIPW": {
        "value": 0.005722343921661377,
        "std": 1.9114233396066993e-07,
        "ci_lower": 0.005722343592385627,
        "ci_upper": 0.005722344250937127,
        "n": 1294513
      },
      "DM": {
        "value": 0.00764588313177228,
        "std": 0.042401205748319626,
        "ci_lower": 0.007572839716712619,
        "ci_upper": 0.00771892654683194,
        "n": 1294513
      },
      "DR": {
        "value": 0.006766374688595533,
        "std": 0.3330875635147095,
        "ci_lower": 0.006192573714693273,
        "ci_upper": 0.007340175662497794,
        "n": 1294513
      }
    },
    "MF-Bandit": {
      "IPW": {
        "value": 0.00645713834092021,
        "std": 0.28093045949935913,
        "ci_lower": 0.00597318700524561,
        "ci_upper": 0.00694108967659481,
        "n": 1294513
      },
      "SNIPW": {
        "value": 0.006693752016872168,
        "std": 2.2496860196952184e-07,
        "ci_lower": 0.006693751629324817,
        "ci_upper": 0.006693752404419519,
        "n": 1294513
      },
      "DM": {
        "value": 0.0048595028929412365,