{
  "dataset": "obd-women",
  "seed": 2,
  "config": {
    "gcn_embed_dim": 64,
    "gcn_n_layers": 3,
    "gcn_lr": 0.001,
    "gcn_epochs": 100,
    "gcn_batch_size": 16384,
    "gcn_reg": 0.0001,
    "bcq_hidden": 256,
    "bcq_n_hidden": 2,
    "bcq_threshold_ratio": 0.3,
    "bcq_min_actions": 5,
    "bcq_lr": 0.001,
    "bcq_epochs_bc": 30,
    "bcq_epochs_q": 100,
    "bcq_batch_size": 16384,
    "bcq_temperature": 0.1,
    "bcq_hybrid_weight": 1.0,
    "bcq_num_quantiles": 32,
    "bcq_cvar_alpha": 0.1,
    "cate_hidden": 128,
    "cate_epochs": 50,
    "cate_uplift_weight": 0.5,
    "rm_hidden": 128,
    "rm_epochs": 30,
    "ope_clip": 100.0,
    "dqn_epochs": 50,
    "mf_epochs": 30,
    "cql_alpha": 1.0,
    "iql_expectile": 0.7
  },
  "ope_results": {
    "GNN-Bandit": {
      "IPW": {
        "value": 0.008419050835072994,
        "std": 0.3807518482208252,
        "ci_lower": 0.007763139881752316,
        "ci_upper": 0.009074961788393673,
        "n": 1294513
      },
      "SNIPW": {
        "value": 0.008709744550287724,
        "std": 3.0428313380070904e-07,
        "ci_lower": 0.008709744026107365,
        "ci_upper": 0.008709745074468082,
        "n": 1294513
      },
      "DM": {
        "value": 0.014982480555772781,
        "std": 0.058984920382499695,
        "ci_lower": 0.014880868822197713,
        "ci_upper": 0.01508409228934785,
        "n": 1294513
      },
      "DR": {
        "value": 0.010280167683959007,
        "std": 0.5057545900344849,
        "ci_lower": 0.009408917874283931,
        "ci_upper": 0.011151417493634084,
        "n": 1294513
      }
    },
    "Random": {
      "IPW": {
        "value": 0.005008130334317684,
        "std": 0.2172199785709381,
        "ci_lower": 0.004633931328086915,
        "ci_upper": 0.005382329340548453,
        "n": 1294513
      },
      "SNIPW": {
        "value": 0.005443375091999769,
        "std": 1.823836726089212e-07,
        "ci_lower": 0.005443374777812329,
        "ci_upper": 0.005443375406187209,
        "n": 1294513
      },
      "DM": {
        "value": 0.0038832337595522404,
        "std": 0.0024598899763077497,
        "ci_lower": 0.003878996173347568,
        "ci_upper": 0.0038874713457569127,
        "n": 1294513
      },
      "DR": {
        "value": 0.00523479375988245,
        "std": 0.21726427972316742,
        "ci_lower": 0.004860518437249994,
        "ci_upper": 0.005609069082514906,
        "n": 1294513
      }
    },
    "BTS": {
      "IPW": {
        "value": 0.006466069724410772,
        "std": 0.07749706506729126,
        "ci_lower": 0.006332567617814665,
        "ci_upper": 0.00659957183100688,
        "n": 1294513
      },
      "SNIPW": {
        "value": 0.006907000672072172,
        "std": 6.394814278110061e-08,
        "ci_lower": 0.006907000561910429,
        "ci_upper": 0.006907000782233916,
        "n": 1294513
      },
      "DM": {
        "value": 0.0040171486325562,
        "std": 0.002738354727625847,
        "ci_lower": 0.004012431342624923,
        "ci_upper": 0.004021865922487477,
        "n": 1294513
      },
      "DR": {
        "value": 0.005534258205443621,
        "std": 0.07804404944181442,
        "ci_lower": 0.00539981382359863,
        "ci_upper": 0.005668702587288611,
        "n": 1294513
      }
    },
    "LinUCB": {
      "IPW": {
        "value": 0.005018723662942648,
        "std": 0.224859818816185,
        "ci_lower": 0.004631363709701659,
        "ci_upper": 0.005406083616183637,
        "n": 1294513
      },
      "SNIPW": {
        "value": 0.005523218307644129,
        "std": 1.911632523388107e-07,
        "ci_lower": 0.005523217978332343,
        "ci_upper": 0.005523218636955915,
        "n": 1294513
      },
      "DM": {
        "value": 0.00677634309977293,
        "std": 0.0335393026471138,
        "ci_lower": 0.006718565846489,
        "ci_upper": 0.006834120353056861,
        "n": 1294513
      },
      "DR": {
        "value": 0.0059418631717562675,
        "std": 0.33714988827705383,
        "ci_lower": 0.0053610641404052565,
        "ci_upper": 0.006522662203107279,
        "n": 1294513
      }
    },
    "NeuralUCB": {
      "IPW": {
        "value": 0.005252556875348091,
        "std": 0.22599096596240997,
        "ci_lower": 0.004863248325385922,
        "ci_upper": 0.00564186542531026,
        "n": 1294513
      },
      "SNIPW": {
        "value": 0.005712626967579126,
        "std": 1.8986712291280128e-07,
        "ci_lower": 0.005712626640500148,
        "ci_upper": 0.005712627294658105,
        "n": 1294513
      },
      "DM": {
        "value": 0.008091348223388195,
        "std": 0.04419240355491638,
        "ci_lower": 0.008015219160113298,
        "ci_upper": 0.008167477286663092,
        "n": 1294513
      },
      "DR": {
        "value": 0.006907977629452944,
        "std": 0.34383320808410645,
        "ci_lower": 0.006315665423086566,
        "ci_upper": 0.007500289835819322,
        "n": 1294513
      }
    },
    "DQN": {
      "IPW": {
        "value": 0.005018483381718397,
        "std": 0.21734890341758728,
        "ci_lower": 0.0046440622801269165,
        "ci_upper": 0.005392904483309878,
        "n": 1294513
      },
      "SNIPW": {
        "value": 0.0054534985683858395,
        "std": 1.8245414423745387e-07,
        "ci_lower": 0.005453498254076999,
        "ci_upper": 0.00545349888269468,
        "n": 1294513
      },
      "DM": {
        "value": 0.003999723121523857,
        "std": 0.0034236146602779627,
        "ci_lower": 0.003993825352764181,
        "ci_upper": 0.004005620890283533,
        "n": 1294513
      },
      "DR": {
        "value": 0.0052713667973876,
        "std": 0.21807193756103516,
        "ci_lower": 0.004895700144352237,
        "ci_upper": 0.005647033450422963,
        "n": 1294513
      }
    },
    "CQL": {
      "IPW": {
        "value": 0.008031408302485943,
        "std": 0.2633945643901825,
        "ci_lower": 0.0075776655809839015,
        "ci_upper": 0.008485151023987985,
        "n": 1294513
      },
      "SNIPW": {
        "value": 0.00827641412615776,
        "std": 2.0967704017493816e-07,
        "ci_lower": 0.008276413764952771,
        "ci_upper": 0.00827641448736275,
        "n": 1294513
      },
      "DM": {
        "value": 0.009462377056479454,
        "std": 0.03035057708621025,
        "ci_lower": 0.00941009293483048,
        "ci_upper": 0.009514661178128428,
        "n": 1294513
      },
      "DR": {
        "value": 0.008554544299840927,
        "std": 0.318749338388443,
        "ci_lower": 0.008005443400161396,
        "ci_upper": 0.009103645199520458,
        "n": 1294513
      }
    },
    "IQL": {
      "IPW": {
        "value": 0.005229909438639879,
        "std": 0.22648188471794128,
        "ci_lower": 0.004839755196160528,
        "ci_upper": 0.00562006368111923,
        "n": 1294513
      },
      "SNIPW": {
        "value": 0.005686859134584665,
        "std": 1.902415363019827e-07,
        "ci_lower": 0.005686858806860695,
        "ci_upper": 0.005686859462308636,
        "n": 1294513
      },
      "DM": {
        "value": 0.0080750472843647,
        "std": 0.04351809620857239,
        "ci_lower": 0.008000079832192778,
        "ci_upper": 0.008150014736536622,
        "n": 1294513
      },
      "DR": {
        "value": 0.006919749081134796,
        "std": 0.32942500710487366,
        "ci_lower": 0.0063522574945082426,
        "ci_upper": 0.00748724066776135,
        "n": 1294513
      }
    },
    "MF-Bandit": {
      "IPW": {
        "value": 0.006350197363644838,
        "std": 0.27782687544822693,
        "ci_lower": 0.005871592488619612,
        "ci_upper": 0.006828802238670065,
        "n": 1294513
      },
      "SNIPW": {
        "value": 0.006591677200049162,
        "std": 2.2278017297594488e-07,
        "ci_lower": 0.006591676816271759,
        "ci_upper": 0.006591677583826565,
        "n": 1294513
      },
      "DM": {
        "value": 0.005099588539451361,
        "std": 0.0052084350027143955,