{
  "dataset": "obd-women",
  "seed": 3,
  "config": {
    "gcn_embed_dim": 64,
    "gcn_n_layers": 3,
    "gcn_lr": 0.001,
    "gcn_epochs": 100,
    "gcn_batch_size": 16384,
    "gcn_reg": 0.0001,
    "bcq_hidden": 256,
    "bcq_n_hidden": 2,
    "bcq_threshold_ratio": 0.3,
    "bcq_min_actions": 5,
    "bcq_lr": 0.001,
    "bcq_epochs_bc": 30,
    "bcq_epochs_q": 100,
    "bcq_batch_size": 16384,
    "bcq_temperature": 0.1,
    "bcq_hybrid_weight": 1.0,
    "bcq_num_quantiles": 32,
    "bcq_cvar_alpha": 0.1,
    "cate_hidden": 128,
    "cate_epochs": 50,
    "cate_uplift_weight": 0.5,
    "rm_hidden": 128,
    "rm_epochs": 30,
    "ope_clip": 100.0,
    "dqn_epochs": 50,
    "mf_epochs": 30,
    "cql_alpha": 1.0,
    "iql_expectile": 0.7
  },
  "ope_results": {
    "GNN-Bandit": {
      "IPW": {
        "value": 0.008066612295806408,
        "std": 0.3552877604961395,
        "ci_lower": 0.007454567640529944,
        "ci_upper": 0.008678656951082872,
        "n": 1294513
      },
      "SNIPW": {
        "value": 0.008414885960519314,
        "std": 2.863062888991408e-07,
        "ci_lower": 0.008414885467307181,
        "ci_upper": 0.008414886453731446,
        "n": 1294513
      },
      "DM": {
        "value": 0.012806565500795841,
        "std": 0.05307726562023163,
        "ci_lower": 0.012715130724956145,
        "ci_upper": 0.012898000276635537,
        "n": 1294513
      },
      "DR": {
        "value": 0.009708899073302746,
        "std": 0.4640779495239258,
        "ci_lower": 0.008909444489668515,
        "ci_upper": 0.010508353656936977,
        "n": 1294513
      }
    },
    "Random": {
      "IPW": {
        "value": 0.005008130334317684,
        "std": 0.2172199785709381,
        "ci_lower": 0.004633931328086915,
        "ci_upper": 0.005382329340548453,
        "n": 1294513
      },
      "SNIPW": {
        "value": 0.005443375091999769,
        "std": 1.823836726089212e-07,
        "ci_lower": 0.005443374777812329,
        "ci_upper": 0.005443375406187209,
        "n": 1294513
      },
      "DM": {
        "value": 0.003785251872614026,
        "std": 0.0021074407268315554,
        "ci_lower": 0.003781621441238152,
        "ci_upper": 0.0037888823039899,
        "n": 1294513
      },
      "DR": {
        "value": 0.005225452594459057,
        "std": 0.21709682047367096,
        "ci_lower": 0.004851465749365168,
        "ci_upper": 0.005599439439552946,
        "n": 1294513
      }
    },
    "BTS": {
      "IPW": {
        "value": 0.006466069724410772,
        "std": 0.07749706506729126,
        "ci_lower": 0.006332567617814665,
        "ci_upper": 0.00659957183100688,
        "n": 1294513
      },
      "SNIPW": {
        "value": 0.006907000672072172,
        "std": 6.394814278110061e-08,
        "ci_lower": 0.006907000561910429,
        "ci_upper": 0.006907000782233916,
        "n": 1294513
      },
      "DM": {
        "value": 0.0039013351779431105,
        "std": 0.0023541634436696768,
        "ci_lower": 0.0038972797239884534,
        "ci_upper": 0.0039053906318977675,
        "n": 1294513
      },
      "DR": {
        "value": 0.005640962161123753,
        "std": 0.07792400568723679,
        "ci_lower": 0.005506724575421376,
        "ci_upper": 0.0057751997468261295,
        "n": 1294513
      }
    },
    "LinUCB": {
      "IPW": {
        "value": 0.005019765812903643,
        "std": 0.22453543543815613,
        "ci_lower": 0.004632964666170668,
        "ci_upper": 0.005406566959636617,
        "n": 1294513
      },
      "SNIPW": {
        "value": 0.005524735432118177,
        "std": 1.9090026626145118e-07,
        "ci_lower": 0.005524735103259431,
        "ci_upper": 0.005524735760976924,
        "n": 1294513
      },
      "DM": {
        "value": 0.006425006315112114,
        "std": 0.031010190024971962,
        "ci_lower": 0.006371585896020312,
        "ci_upper": 0.006478426734203916,
        "n": 1294513
      },
      "DR": {
        "value": 0.00593220442533493,
        "std": 0.3175813555717468,
        "ci_lower": 0.005385115578193926,
        "ci_upper": 0.006479293272475935,
        "n": 1294513
      }
    },
    "NeuralUCB": {
      "IPW": {
        "value": 0.0052795750088989735,
        "std": 0.22959384322166443,
        "ci_lower": 0.004884059879326338,
        "ci_upper": 0.005675090138471609,
        "n": 1294513
      },
      "SNIPW": {
        "value": 0.005738078150898218,
        "std": 1.9276195928341622e-07,
        "ci_lower": 0.005738077818832383,
        "ci_upper": 0.005738078482964053,
        "n": 1294513
      },
      "DM": {
        "value": 0.007615644484758377,
        "std": 0.04076267033815384,
        "ci_lower": 0.007545423730515607,
        "ci_upper": 0.007685865239001147,
        "n": 1294513
      },
      "DR": {
        "value": 0.006854272913187742,
        "std": 0.33012908697128296,
        "ci_lower": 0.0062855684271398244,
        "ci_upper": 0.00742297739923566,
        "n": 1294513
      }
    },
    "DQN": {
      "IPW": {
        "value": 0.005017357412725687,
        "std": 0.21706031262874603,
        "ci_lower": 0.004643433458712906,
        "ci_upper": 0.005391281366738468,
        "n": 1294513
      },
      "SNIPW": {
        "value": 0.0054525998421013355,
        "std": 1.8222273467927153e-07,
        "ci_lower": 0.005452599528191139,
        "ci_upper": 0.005452600156011532,
        "n": 1294513
      },
      "DM": {
        "value": 0.003903826931491494,
        "std": 0.0031215124763548374,
        "ci_lower": 0.003898449586026894,
        "ci_upper": 0.003909204276956094,
        "n": 1294513
      },
      "DR": {
        "value": 0.005262811668217182,
        "std": 0.21782618761062622,
        "ci_lower": 0.004887568362002076,
        "ci_upper": 0.005638054974432288,
        "n": 1294513
      }
    },
    "CQL": {
      "IPW": {
        "value": 0.008059405721724033,
        "std": 0.2655690610408783,
        "ci_lower": 0.007601917053412239,
        "ci_upper": 0.008516894390035829,
        "n": 1294513
      },
      "SNIPW": {
        "value": 0.008318327367305756,
        "std": 2.1174052733385906e-07,
        "ci_lower": 0.008318327002546052,
        "ci_upper": 0.008318327732065459,
        "n": 1294513
      },
      "DM": {
        "value": 0.008398526348173618,
        "std": 0.027126004919409752,
        "ci_lower": 0.008351797110142048,
        "ci_upper": 0.008445255586205189,
        "n": 1294513
      },
      "DR": {
        "value": 0.008666268549859524,
        "std": 0.31095215678215027,
        "ci_lower": 0.008130599644914874,
        "ci_upper": 0.009201937454804174,
        "n": 1294513
      }
    },
    "IQL": {
      "IPW": {
        "value": 0.005256079137325287,
        "std": 0.22749601304531097,
        "ci_lower": 0.004864177883292078,
        "ci_upper": 0.0056479803913584955,
        "n": 1294513
      },
      "SNIPW": {
        "value": 0.005712364334613085,
        "std": 1.9099474002359784e-07,
        "ci_lower": 0.005712364005591591,
        "ci_upper": 0.005712364663634579,
        "n": 1294513
      },
      "DM": {
        "value": 0.008037365972995758,
        "std": 0.04295392706990242,
        "ci_lower": 0.00796337039980304,
        "ci_upper": 0.008111361546188476,
        "n": 1294513
      },
      "DR": {
        "value": 0.006786256562918425,
        "std": 0.34397226572036743,
        "ci_lower": 0.006193704805707598,
        "ci_upper": 0.007378808320129251,
        "n": 1294513
      }
    },
    "MF-Bandit": {
      "IPW": {
        "value": 0.006349818781018257,
        "std": 0.27688068151474,
        "ci_lower": 0.005872843888796371,
        "ci_upper": 0.006826793673240144,
        "n": 1294513
      },
      "SNIPW": {
        "value": 0.006589407566934824,
        "std": 2.219582171392176e-07,
        "ci_lower": 0.006589407184573382,
        "ci_upper": 0.006589407949296266,
        "n": 1294513
      },
      "DM": {
        "value": 0.005079474300146103,