{
  "dataset": "obd-women",
  "seed": 1,
  "config": {
    "gcn_embed_dim": 64,
    "gcn_n_layers": 3,
    "gcn_lr": 0.001,
    "gcn_epochs": 100,
    "gcn_batch_size": 16384,
    "gcn_reg": 0.0001,
    "bcq_hidden": 256,
    "bcq_n_hidden": 2,
    "bcq_threshold_ratio": 0.3,
    "bcq_min_actions": 5,
    "bcq_lr": 0.001,
    "bcq_epochs_bc": 30,
    "bcq_epochs_q": 100,
    "bcq_batch_size": 16384,
    "bcq_temperature": 0.1,
    "bcq_hybrid_weight": 1.0,
    "bcq_num_quantiles": 32,
    "bcq_cvar_alpha": 0.1,
    "cate_hidden": 128,
    "cate_epochs": 50,
    "cate_uplift_weight": 0.5,
    "rm_hidden": 128,
    "rm_epochs": 30,
    "ope_clip": 100.0,
    "dqn_epochs": 50,
    "mf_epochs": 30,
    "cql_alpha": 1.0,
    "iql_expectile": 0.7
  },
  "ope_results": {
    "GNN-Bandit": {
      "IPW": {
        "value": 0.008377032354474068,
        "std": 0.36989420652389526,
        "ci_lower": 0.0077398255680524485,
        "ci_upper": 0.009014239140895686,
        "n": 1294513
      },
      "SNIPW": {
        "value": 0.008564152754843235,
        "std": 2.921227348906541e-07,
        "ci_lower": 0.008564152251611269,
        "ci_upper": 0.008564153258075202,
        "n": 1294513
      },
      "DM": {
        "value": 0.011844601482152939,
        "std": 0.05609012395143509,
        "ci_lower": 0.011747976536417879,
        "ci_upper": 0.011941226427887999,
        "n": 1294513
      },
      "DR": {
        "value": 0.010082905180752277,
        "std": 0.4811019003391266,
        "ci_lower": 0.009254123895591422,
        "ci_upper": 0.010911686465913133,
        "n": 1294513
      }
    },
    "Random": {
      "IPW": {
        "value": 0.005008130334317684,
        "std": 0.2172199785709381,
        "ci_lower": 0.004633931328086915,
        "ci_upper": 0.005382329340548453,
        "n": 1294513
      },
      "SNIPW": {
        "value": 0.005443375091999769,
        "std": 1.823836726089212e-07,
        "ci_lower": 0.005443374777812329,
        "ci_upper": 0.005443375406187209,
        "n": 1294513
      },
      "DM": {
        "value": 0.003015723777934909,
        "std": 0.002284284681081772,
        "ci_lower": 0.003011788702242367,
        "ci_upper": 0.0030196588536274506,
        "n": 1294513
      },
      "DR": {
        "value": 0.00517585314810276,
        "std": 0.21757231652736664,
        "ci_lower": 0.004801047178764729,
        "ci_upper": 0.005550659117440792,
        "n": 1294513
      }
    },
    "BTS": {
      "IPW": {
        "value": 0.006466069724410772,
        "std": 0.07749706506729126,
        "ci_lower": 0.006332567617814665,
        "ci_upper": 0.00659957183100688,
        "n": 1294513
      },
      "SNIPW": {
        "value": 0.006907000672072172,
        "std": 6.394814278110061e-08,
        "ci_lower": 0.006907000561910429,
        "ci_upper": 0.006907000782233916,
        "n": 1294513
      },
      "DM": {
        "value": 0.0031321956776082516,
        "std": 0.0025462410412728786,
        "ci_lower": 0.0031278093367498433,
        "ci_upper": 0.00313658201846666,
        "n": 1294513
      },
      "DR": {
        "value": 0.005720673594623804,
        "std": 0.07794536650180817,
        "ci_lower": 0.005586399211221522,
        "ci_upper": 0.0058549479780260864,
        "n": 1294513
      }
    },
    "LinUCB": {
      "IPW": {
        "value": 0.005022517405450344,
        "std": 0.2245183140039444,
        "ci_lower": 0.004635745753350918,
        "ci_upper": 0.00540928905754977,
        "n": 1294513
      },
      "SNIPW": {
        "value": 0.005527648609131575,
        "std": 1.9088170688519313e-07,
        "ci_lower": 0.0055276482803048,
        "ci_upper": 0.0055276489379583495,
        "n": 1294513
      },
      "DM": {
        "value": 0.005750487558543682,
        "std": 0.03258899226784706,
        "ci_lower": 0.005694347379353359,
        "ci_upper": 0.005806627737734005,
        "n": 1294513
      },
      "DR": {
        "value": 0.005898789968341589,
        "std": 0.3374219834804535,
        "ci_lower": 0.005317522205912607,
        "ci_upper": 0.006480057730770571,
        "n": 1294513
      }
    },
    "NeuralUCB": {
      "IPW": {
        "value": 0.005301761440932751,
        "std": 0.22939170897006989,
        "ci_lower": 0.00490659452259082,
        "ci_upper": 0.005696928359274682,
        "n": 1294513
      },
      "SNIPW": {
        "value": 0.005766857415437698,
        "std": 1.927482031760519e-07,
        "ci_lower": 0.005766857083395561,
        "ci_upper": 0.005766857747479836,
        "n": 1294513
      },
      "DM": {
        "value": 0.007051769644021988,
        "std": 0.04273811727762222,
        "ci_lower": 0.006978145840545562,
        "ci_upper": 0.007125393447498414,
        "n": 1294513
      },
      "DR": {
        "value": 0.006838823668658733,
        "std": 0.34000739455223083,
        "ci_lower": 0.006253102088214843,
        "ci_upper": 0.007424545249102623,
        "n": 1294513
      }
    },
    "DQN": {
      "IPW": {
        "value": 0.005018483381718397,
        "std": 0.21725009381771088,
        "ci_lower": 0.004644232496763171,
        "ci_upper": 0.005392734266673623,
        "n": 1294513
      },
      "SNIPW": {
        "value": 0.005453861318528652,
        "std": 1.8238335997011745e-07,
        "ci_lower": 0.005453861004341751,
        "ci_upper": 0.0054538616327155535,
        "n": 1294513
      },
      "DM": {
        "value": 0.0031301570124924183,
        "std": 0.0032797912135720253,
        "ci_lower": 0.0031245070045104765,
        "ci_upper": 0.00313580702047436,
        "n": 1294513
      },
      "DR": {
        "value": 0.005207532551139593,
        "std": 0.21849916875362396,
        "ci_lower": 0.004831129918436295,
        "ci_upper": 0.005583935183842891,
        "n": 1294513
      }
    },
    "CQL": {
      "IPW": {
        "value": 0.00800380203872919,
        "std": 0.26069724559783936,
        "ci_lower": 0.007554705915658024,
        "ci_upper": 0.008452898161800356,
        "n": 1294513
      },
      "SNIPW": {
        "value": 0.008240912109613419,
        "std": 2.0735237171720655e-07,
        "ci_lower": 0.008240911752413073,
        "ci_upper": 0.008240912466813764,
        "n": 1294513
      },
      "DM": {
        "value": 0.007617924362421036,
        "std": 0.030512694269418716,
        "ci_lower": 0.007565360965867201,
        "ci_upper": 0.007670487758974871,
        "n": 1294513
      },
      "DR": {
        "value": 0.008569592610001564,
        "std": 0.32088160514831543,
        "ci_lower": 0.008016818511807734,
        "ci_upper": 0.009122366708195394,
        "n": 1294513
      }
    },
    "IQL": {
      "IPW": {
        "value": 0.005298042204231024,
        "std": 0.22754836082458496,
        "ci_lower": 0.004906050772088455,
        "ci_upper": 0.005690033636373592,
        "n": 1294513
      },
      "SNIPW": {
        "value": 0.005757483188062906,
        "std": 1.9102250803371135e-07,
        "ci_lower": 0.005757482858993577,
        "ci_upper": 0.005757483517132235,
        "n": 1294513
      },
      "DM": {
        "value": 0.006817581132054329,
        "std": 0.04212696850299835,
        "ci_lower": 0.006745010138110561,
        "ci_upper": 0.006890152125998097,
        "n": 1294513
      },
      "DR": {
        "value": 0.00669691851362586,
        "std": 0.3468371331691742,
        "ci_lower": 0.006099431526426618,
        "ci_upper": 0.007294405500825102,
        "n": 1294513
      }
    },
    "MF-Bandit": {
      "IPW": {
        "value": 0.006420045159757137,
        "std": 0.2803861200809479,
        "ci_lower": 0.005937031542936769,
        "ci_upper": 0.0069030587765775055,
        "n": 1294513
      },
      "SNIPW": {
        "value": 0.00666023651137948,
        "std": 2.2469926364010462e-07,
        "ci_lower": 0.0066602361242961115,
        "ci_upper": 0.006660236898462849,
        "n": 1294513
      },
      "DM": {
        "value": 0.003957837354391813,