{
  "embed_dim": {
    "16": {
      "DR_value": 0.009729773737490177,
      "DR_ci_lower": 0.00883903847399988,
      "DR_ci_upper": 0.010620509000980475
    },
    "32": {
      "DR_value": 0.009735236875712872,
      "DR_ci_lower": 0.008883613293195381,
      "DR_ci_upper": 0.010586860458230362
    },
    "64": {
      "DR_value": 0.00860554538667202,
      "DR_ci_lower": 0.007666456276967264,
      "DR_ci_upper": 0.009544634496376776
    },
    "128": {
      "DR_value": 0.009554465301334858,
      "DR_ci_lower": 0.008756112928819242,
      "DR_ci_upper": 0.010352817673850474
    }
  },
  "n_layers": {
    "1": {
      "DR_value": 0.009050987660884857,
      "DR_ci_lower": 0.008204175220402283,
      "DR_ci_upper": 0.009897800101367432
    },
    "2": {
      "DR_value": 0.0092224832624197,
      "DR_ci_lower": 0.008347079663691344,
      "DR_ci_upper": 0.010097886861148058
    },
    "3": {
      "DR_value": 0.009495546109974384,
      "DR_ci_lower": 0.008635150376784665,
      "DR_ci_upper": 0.010355941843164103
    },
    "4": {
      "DR_value": 0.009794414043426514,
      "DR_ci_lower": 0.008913616186827142,
      "DR_ci_upper": 0.010675211900025886
    }
  },
  "bcq_threshold_ratio": {
    "0.1": {
      "DR_value": 0.009710995480418205,
      "DR_ci_lower": 0.008848511198599468,
      "DR_ci_upper": 0.010573479762236942
    },
    "0.3": {
      "DR_value": 0.009390976279973984,
      "DR_ci_lower": 0.008533089823910978,
      "DR_ci_upper": 0.01024886273603699
    },
    "0.5": {
      "DR_value": 0.009299353696405888,
      "DR_ci_lower": 0.008439407236563739,
      "DR_ci_upper": 0.010159300156248037
    },
    "1.0": {
      "DR_value": 0.008498167619109154,
      "DR_ci_lower": 0.007717558745811218,
      "DR_ci_upper": 0.00927877649240709
    },
    "2.0": {
      "DR_value": 0.007891933433711529,
      "DR_ci_lower": 0.007137508812810808,
      "DR_ci_upper": 0.008646358054612249
    }
  },
  "cvar_alpha": {
    "0.05": {
      "DR_value": 0.009742889553308487,
      "DR_ci_lower": 0.008915488021457649,
      "DR_ci_upper": 0.010570291085159325
    },
    "0.1": {
      "DR_value": 0.009507125243544579,
      "DR_ci_lower": 0.008635138812455841,
      "DR_ci_upper": 0.010379111674633316
    },
    "0.25": {
      "DR_value": 0.008992612361907959,
      "DR_ci_lower": 0.008111635432581317,
      "DR_ci_upper": 0.009873589291234601
    },
    "0.5": {
      "DR_value": 0.010185898281633854,
      "DR_ci_lower": 0.00934481544966866,
      "DR_ci_upper": 0.011026981113599049
    },
    "1.0": {
      "DR_value": 0.01015950832515955,
      "DR_ci_lower": 0.00924737530827109,
      "DR_ci_upper": 0.01107164134204801
    }
  }
}