{
  "embed_dim": {
    "16": {
      "DR_value": 0.00886919442564249,
      "DR_ci_lower": 0.007980220317781842,
      "DR_ci_upper": 0.009758168533503139
    },
    "32": {
      "DR_value": 0.010017464868724346,
      "DR_ci_lower": 0.009184714001203284,
      "DR_ci_upper": 0.010850215736245408
    },
    "64": {
      "DR_value": 0.010087808594107628,
      "DR_ci_lower": 0.009209181994326385,
      "DR_ci_upper": 0.01096643519388887
    },
    "128": {
      "DR_value": 0.009268349967896938,
      "DR_ci_lower": 0.008463663975787017,
      "DR_ci_upper": 0.01007303596000686
    }
  },
  "n_layers": {
    "1": {
      "DR_value": 0.009822670370340347,
      "DR_ci_lower": 0.008951043111499307,
      "DR_ci_upper": 0.010694297629181388
    },
    "2": {
      "DR_value": 0.009672913700342178,
      "DR_ci_lower": 0.008801798092533236,
      "DR_ci_upper": 0.01054402930815112
    },
    "3": {
      "DR_value": 0.010454780422151089,
      "DR_ci_lower": 0.009566405653458484,
      "DR_ci_upper": 0.011343155190843694
    },
    "4": {
      "DR_value": 0.009669041261076927,
      "DR_ci_lower": 0.008836533127459112,
      "DR_ci_upper": 0.010501549394694743
    }
  },
  "bcq_threshold_ratio": {
    "0.1": {
      "DR_value": 0.010432979092001915,
      "DR_ci_lower": 0.009602159673756244,
      "DR_ci_upper": 0.011263798510247586
    },
    "0.3": {
      "DR_value": 0.010378608480095863,
      "DR_ci_lower": 0.009521198250700903,
      "DR_ci_upper": 0.011236018709490824
    },
    "0.5": {
      "DR_value": 0.00934848003089428,
      "DR_ci_lower": 0.00849323263861353,
      "DR_ci_upper": 0.010203727423175029
    },
    "1.0": {
      "DR_value": 0.00936010293662548,
      "DR_ci_lower": 0.008549740061826993,
      "DR_ci_upper": 0.010170465811423968
    },
    "2.0": {
      "DR_value": 0.008867820724844933,
      "DR_ci_lower": 0.00808848286746127,
      "DR_ci_upper": 0.009647158582228595
    }
  },
  "cvar_alpha": {
    "0.05": {
      "DR_value": 0.009317886084318161,
      "DR_ci_lower": 0.008478836508170266,
      "DR_ci_upper": 0.010156935660466056
    },
    "0.1": {
      "DR_value": 0.009770115837454796,
      "DR_ci_lower": 0.008889621911631063,
      "DR_ci_upper": 0.010650609763278529
    },
    "0.25": {
      "DR_value": 0.010648918338119984,
      "DR_ci_lower": 0.009715459032637363,
      "DR_ci_upper": 0.011582377643602605
    },
    "0.5": {
      "DR_value": 0.010197595693171024,
      "DR_ci_lower": 0.009272717503493039,
      "DR_ci_upper": 0.01112247388284901
    },
    "1.0": {
      "DR_value": 0.011056437157094479,
      "DR_ci_lower": 0.010088644763330764,
      "DR_ci_upper": 0.012024229550858193
    }
  }
}