{
  "embed_dim": {
    "16": {
      "DR_value": 0.009621423669159412,
      "DR_ci_lower": 0.00867588188319334,
      "DR_ci_upper": 0.010566965455125485
    },
    "32": {
      "DR_value": 0.010259528644382954,
      "DR_ci_lower": 0.009427571539314958,
      "DR_ci_upper": 0.011091485749450949
    },
    "64": {
      "DR_value": 0.010036221705377102,
      "DR_ci_lower": 0.009162289193210427,
      "DR_ci_upper": 0.010910154217543776
    },
    "128": {
      "DR_value": 0.00977067369967699,
      "DR_ci_lower": 0.008843286335551608,
      "DR_ci_upper": 0.010698061063802373
    }
  },
  "n_layers": {
    "1": {
      "DR_value": 0.010008000768721104,
      "DR_ci_lower": 0.009109809960089196,
      "DR_ci_upper": 0.010906191577353012
    },
    "2": {
      "DR_value": 0.009595654904842377,
      "DR_ci_lower": 0.008773955052734941,
      "DR_ci_upper": 0.010417354756949812
    },
    "3": {
      "DR_value": 0.010196814313530922,
      "DR_ci_lower": 0.009303258551906828,
      "DR_ci_upper": 0.011090370075155016
    },
    "4": {
      "DR_value": 0.009424461983144283,
      "DR_ci_lower": 0.008537200771634721,
      "DR_ci_upper": 0.010311723194653845
    }
  },
  "bcq_threshold_ratio": {
    "0.1": {
      "DR_value": 0.011886187829077244,
      "DR_ci_lower": 0.010835295216570697,
      "DR_ci_upper": 0.01293708044158379
    },
    "0.3": {
      "DR_value": 0.01051203440874815,
      "DR_ci_lower": 0.009559735399669225,
      "DR_ci_upper": 0.011464333417827075
    },
    "0.5": {
      "DR_value": 0.009600198827683926,
      "DR_ci_lower": 0.008693062391675247,
      "DR_ci_upper": 0.010507335263692604
    },
    "1.0": {
      "DR_value": 0.009091250598430634,
      "DR_ci_lower": 0.008246420433484919,
      "DR_ci_upper": 0.009936080763376348
    },
    "2.0": {
      "DR_value": 0.00900306086987257,
      "DR_ci_lower": 0.00815249883746452,
      "DR_ci_upper": 0.00985362290228062
    }
  },
  "cvar_alpha": {
    "0.05": {
      "DR_value": 0.010300947353243828,
      "DR_ci_lower": 0.009334341008260319,
      "DR_ci_upper": 0.011267553698227337
    },
    "0.1": {
      "DR_value": 0.009540967643260956,
      "DR_ci_lower": 0.008695852594552737,
      "DR_ci_upper": 0.010386082691969174
    },
    "0.25": {
      "DR_value": 0.009278029203414917,
      "DR_ci_lower": 0.008355408726539214,
      "DR_ci_upper": 0.01020064968029062
    },
    "0.5": {
      "DR_value": 0.010366939008235931,
      "DR_ci_lower": 0.009357912654715056,
      "DR_ci_upper": 0.011375965361756807
    },
    "1.0": {
      "DR_value": 0.010486629791557789,
      "DR_ci_lower": 0.009443803050047717,
      "DR_ci_upper": 0.011529456533067861
    }
  }
}