{
  "embed_dim": {
    "16": {
      "DR_value": 0.009999100118875504,
      "DR_ci_lower": 0.009051614408097134,
      "DR_ci_upper": 0.010946585829653873
    },
    "32": {
      "DR_value": 0.010146597400307655,
      "DR_ci_lower": 0.009309455092456212,
      "DR_ci_upper": 0.010983739708159098
    },
    "64": {
      "DR_value": 0.010325617156922817,
      "DR_ci_lower": 0.00943732155398292,
      "DR_ci_upper": 0.011213912759862714
    },
    "128": {
      "DR_value": 0.010776394978165627,
      "DR_ci_lower": 0.00982943467744771,
      "DR_ci_upper": 0.011723355278883543
    }
  },
  "n_layers": {
    "1": {
      "DR_value": 0.009898576885461807,
      "DR_ci_lower": 0.009060905933151453,
      "DR_ci_upper": 0.010736247837772162
    },
    "2": {
      "DR_value": 0.01051971223205328,
      "DR_ci_lower": 0.00961635449755619,
      "DR_ci_upper": 0.01142306996655037
    },
    "3": {
      "DR_value": 0.010212375782430172,
      "DR_ci_lower": 0.009310463875383005,
      "DR_ci_upper": 0.011114287689477339
    },
    "4": {
      "DR_value": 0.009905410930514336,
      "DR_ci_lower": 0.00909769913297809,
      "DR_ci_upper": 0.010713122728050582
    }
  },
  "bcq_threshold_ratio": {
    "0.1": {
      "DR_value": 0.010800480842590332,
      "DR_ci_lower": 0.00987545222771427,
      "DR_ci_upper": 0.011725509457466395
    },
    "0.3": {
      "DR_value": 0.01060127466917038,
      "DR_ci_lower": 0.009703959304387492,
      "DR_ci_upper": 0.011498590033953267
    },
    "0.5": {
      "DR_value": 0.009115234948694706,
      "DR_ci_lower": 0.008283382217151521,
      "DR_ci_upper": 0.00994708768023789
    },
    "1.0": {
      "DR_value": 0.009339888580143452,
      "DR_ci_lower": 0.00852450365999479,
      "DR_ci_upper": 0.010155273500292113
    },
    "2.0": {
      "DR_value": 0.008149383589625359,
      "DR_ci_lower": 0.007320847913388601,
      "DR_ci_upper": 0.008977919265862116
    }
  },
  "cvar_alpha": {
    "0.05": {
      "DR_value": 0.008904864080250263,
      "DR_ci_lower": 0.008051172022910053,
      "DR_ci_upper": 0.009758556137590474
    },
    "0.1": {
      "DR_value": 0.011059400625526905,
      "DR_ci_lower": 0.010170763408502363,
      "DR_ci_upper": 0.011948037842551447
    },
    "0.25": {
      "DR_value": 0.00909555982798338,
      "DR_ci_lower": 0.008220935667943494,
      "DR_ci_upper": 0.009970183988023264
    },
    "0.5": {
      "DR_value": 0.010398964397609234,
      "DR_ci_lower": 0.00947643910445955,
      "DR_ci_upper": 0.011321489690758918
    },
    "1.0": {
      "DR_value": 0.010715211741626263,
      "DR_ci_lower": 0.009753351234632633,
      "DR_ci_upper": 0.011677072248619892
    }
  }
}