{
  "embed_dim": {
    "16": {
      "DR_value": 0.010299080051481724,
      "DR_ci_lower": 0.009394350932038878,
      "DR_ci_upper": 0.01120380917092457
    },
    "32": {
      "DR_value": 0.010484401136636734,
      "DR_ci_lower": 0.009668418674208062,
      "DR_ci_upper": 0.011300383599065406
    },
    "64": {
      "DR_value": 0.009843792766332626,
      "DR_ci_lower": 0.008964365575923797,
      "DR_ci_upper": 0.010723219956741456
    },
    "128": {
      "DR_value": 0.009905753657221794,
      "DR_ci_lower": 0.009062811354181789,
      "DR_ci_upper": 0.0107486959602618
    }
  },
  "n_layers": {
    "1": {
      "DR_value": 0.009769518859684467,
      "DR_ci_lower": 0.00895520832455976,
      "DR_ci_upper": 0.010583829394809174
    },
    "2": {
      "DR_value": 0.01065912377089262,
      "DR_ci_lower": 0.0097735024507404,
      "DR_ci_upper": 0.01154474509104484
    },
    "3": {
      "DR_value": 0.009469175711274147,
      "DR_ci_lower": 0.008651062807055493,
      "DR_ci_upper": 0.010287288615492801
    },
    "4": {
      "DR_value": 0.009931926615536213,
      "DR_ci_lower": 0.009043702888117582,
      "DR_ci_upper": 0.010820150342954844
    }
  },
  "bcq_threshold_ratio": {
    "0.1": {
      "DR_value": 0.009997334331274033,
      "DR_ci_lower": 0.00914103170366178,
      "DR_ci_upper": 0.010853636958886284
    },
    "0.3": {
      "DR_value": 0.009847593493759632,
      "DR_ci_lower": 0.009054756284009733,
      "DR_ci_upper": 0.010640430703509531
    },
    "0.5": {
      "DR_value": 0.010051267221570015,
      "DR_ci_lower": 0.009165568686572092,
      "DR_ci_upper": 0.010936965756567938
    },
    "1.0": {
      "DR_value": 0.009099043905735016,
      "DR_ci_lower": 0.008290321589709427,
      "DR_ci_upper": 0.009907766221760605
    },
    "2.0": {
      "DR_value": 0.00819519441574812,
      "DR_ci_lower": 0.0075030108132049834,
      "DR_ci_upper": 0.008887378018291255
    }
  },
  "cvar_alpha": {
    "0.05": {
      "DR_value": 0.009892700240015984,
      "DR_ci_lower": 0.009104925839304747,
      "DR_ci_upper": 0.01068047464072722
    },
    "0.1": {
      "DR_value": 0.009434101171791553,
      "DR_ci_lower": 0.00866105555423781,
      "DR_ci_upper": 0.010207146789345298
    },
    "0.25": {
      "DR_value": 0.010000062175095081,
      "DR_ci_lower": 0.009183599276146405,
      "DR_ci_upper": 0.010816525074043758
    },
    "0.5": {
      "DR_value": 0.010353069752454758,
      "DR_ci_lower": 0.009448170082667878,
      "DR_ci_upper": 0.011257969422241637
    },
    "1.0": {
      "DR_value": 0.010395473800599575,
      "DR_ci_lower": 0.00945069081477944,
      "DR_ci_upper": 0.01134025678641971
    }
  }
}